t,robot_x,robot_y,robot_speed,walker_y,gap,walking
0.017,1.5000,-0.0000,0.0000,2.1000,10.7079,0
0.033,1.5000,-0.0000,0.0002,2.1000,10.7079,0
0.050,1.5000,-0.0000,0.0002,2.1000,10.7079,0
0.067,1.5000,-0.0000,0.0002,2.1000,10.7079,0
0.083,1.5000,-0.0000,0.0002,2.1000,10.7079,0
0.100,1.5000,-0.0000,0.0002,2.1000,10.7079,0
0.117,1.5000,0.0000,0.0002,2.1000,10.7079,0
0.133,1.5000,-0.0000,0.0002,2.1000,10.7079,0
0.150,1.5000,0.0000,0.0002,2.1000,10.7079,0
0.167,1.5000,-0.0000,0.0002,2.1000,10.7079,0
0.183,1.5000,0.0000,0.0002,2.1000,10.7079,0
0.200,1.5000,-0.0000,0.0002,2.1000,10.7079,0
0.217,1.5001,0.0000,0.0002,2.1000,10.7079,0
0.233,1.5001,-0.0000,0.0002,2.1000,10.7079,0
0.250,1.5001,0.0000,0.0002,2.1000,10.7079,0
0.267,1.5001,-0.0000,0.0002,2.1000,10.7079,0
0.283,1.5001,-0.0000,0.0002,2.1000,10.7079,0
0.300,1.5001,-0.0000,0.0002,2.1000,10.7079,0
0.317,1.5001,0.0000,0.0002,2.1000,10.7079,0
0.333,1.5001,0.0000,0.0002,2.1000,10.7079,0
0.350,1.5001,-0.0000,0.0002,2.1000,10.7079,0
0.367,1.5001,-0.0000,0.0002,2.1000,10.7079,0
0.383,1.5001,-0.0000,0.0002,2.1000,10.7079,0
0.400,1.5001,-0.0000,0.0002,2.1000,10.7079,0
0.417,1.5001,-0.0000,0.0002,2.1000,10.7078,0
0.433,1.5001,-0.0000,0.0002,2.1000,10.7078,0
0.450,1.5001,-0.0000,0.0002,2.1000,10.7078,0
0.467,1.5001,-0.0000,0.0002,2.1000,10.7078,0
0.483,1.5001,-0.0000,0.0002,2.1000,10.7078,0
0.500,1.5001,-0.0000,0.0002,2.1000,10.7078,0
0.517,1.5001,-0.0000,0.0002,2.1000,10.7078,0
0.533,1.5001,-0.0000,0.0002,2.1000,10.7078,0
0.550,1.5001,-0.0000,0.0002,2.1000,10.7078,0
0.567,1.5001,-0.0000,0.0002,2.1000,10.7078,0
0.583,1.5001,-0.0000,0.0002,2.1000,10.7078,0
0.600,1.5001,-0.0000,0.0002,2.1000,10.7078,0
0.617,1.5001,0.0000,0.0002,2.1000,10.7078,0
0.633,1.5001,-0.0000,0.0002,2.1000,10.7078,0
0.650,1.5001,-0.0000,0.0002,2.1000,10.7078,0
0.667,1.5002,-0.0000,0.0002,2.1000,10.7078,0
0.683,1.5002,-0.0000,0.0002,2.1000,10.7078,0
0.700,1.5002,-0.0000,0.0002,2.1000,10.7078,0
0.717,1.5002,-0.0000,0.0002,2.1000,10.7078,0
0.733,1.5002,-0.0000,0.0002,2.1000,10.7078,0
0.750,1.5002,0.0000,0.0002,2.1000,10.7078,0
0.767,1.5002,-0.0000,0.0002,2.1000,10.7078,0
0.783,1.5002,-0.0000,0.0002,2.1000,10.7078,0
0.800,1.5002,-0.0000,0.0002,2.1000,10.7078,0
0.817,1.5002,-0.0000,0.0002,2.1000,10.7078,0
0.833,1.5002,-0.0000,0.0002,2.1000,10.7078,0
0.850,1.5002,-0.0000,0.0002,2.1000,10.7078,0
0.867,1.5002,-0.0000,0.0002,2.1000,10.7078,0
0.883,1.5002,-0.0000,0.0002,2.1000,10.7077,0
0.900,1.5002,-0.0000,0.0002,2.1000,10.7077,0
0.917,1.5002,0.0000,0.0002,2.1000,10.7077,0
0.933,1.5002,-0.0000,0.0002,2.1000,10.7077,0
0.950,1.5002,-0.0000,0.0003,2.1000,10.7077,0
0.967,1.5002,-0.0000,0.0002,2.1000,10.7077,0
0.983,1.5002,-0.0000,0.0002,2.1000,10.7077,0
1.000,1.5002,-0.0000,0.0002,2.1000,10.7077,0
1.017,1.5002,-0.0000,0.0002,2.1000,10.7077,0
1.033,1.5002,-0.0000,0.0002,2.1000,10.7077,0
1.050,1.5002,0.0000,0.0002,2.1000,10.7077,0
1.067,1.5002,-0.0000,0.0002,2.1000,10.7077,0
1.083,1.5002,-0.0000,0.0002,2.1000,10.7077,0
1.100,1.5002,0.0000,0.0002,2.1000,10.7077,0
1.117,1.5002,-0.0000,0.0002,2.1000,10.7077,0
1.133,1.5003,0.0000,0.0002,2.1000,10.7077,0
1.150,1.5003,-0.0000,0.0002,2.1000,10.7077,0
1.167,1.5003,0.0000,0.0002,2.1000,10.7077,0
1.183,1.5003,-0.0000,0.0002,2.1000,10.7077,0
1.200,1.5003,-0.0000,0.0002,2.1000,10.7077,0
1.217,1.5003,-0.0000,0.0002,2.1000,10.7077,0
1.233,1.5003,-0.0000,0.0002,2.1000,10.7077,0
1.250,1.5003,-0.0000,0.0002,2.1000,10.7077,0
1.267,1.5003,0.0000,0.0002,2.1000,10.7077,0
1.283,1.5003,-0.0000,0.0002,2.1000,10.7077,0
1.300,1.5003,-0.0000,0.0002,2.1000,10.7077,0
1.317,1.5003,-0.0000,0.0002,2.1000,10.7077,0
1.333,1.5003,0.0000,0.0002,2.1000,10.7077,0
1.350,1.5003,-0.0000,0.0002,2.1000,10.7076,0
1.367,1.5003,0.0000,0.0002,2.1000,10.7076,0
1.383,1.5003,-0.0000,0.0002,2.1000,10.7076,0
1.400,1.5003,-0.0000,0.0002,2.1000,10.7076,0
1.417,1.5003,-0.0000,0.0002,2.1000,10.7076,0
1.433,1.5003,-0.0000,0.0002,2.1000,10.7076,0
1.450,1.5003,0.0000,0.0002,2.1000,10.7076,0
1.467,1.5003,-0.0000,0.0002,2.1000,10.7076,0
1.483,1.5003,-0.0000,0.0002,2.1000,10.7076,0
1.500,1.5003,-0.0000,0.0002,2.1000,10.7076,0
1.517,1.5003,0.0000,0.0002,2.1000,10.7076,0
1.533,1.5003,-0.0000,0.0002,2.1000,10.7076,0
1.550,1.5003,0.0000,0.0002,2.1000,10.7076,0
1.567,1.5003,-0.0000,0.0002,2.1000,10.7076,0
1.583,1.5003,0.0000,0.0002,2.1000,10.7076,0
1.600,1.5004,-0.0000,0.0002,2.1000,10.7076,0
1.617,1.5004,0.0000,0.0002,2.1000,10.7076,0
1.633,1.5004,-0.0000,0.0002,2.1000,10.7076,0
1.650,1.5004,0.0000,0.0002,2.1000,10.7076,0
1.667,1.5004,-0.0000,0.0002,2.1000,10.7076,0
1.683,1.5004,-0.0000,0.0002,2.1000,10.7076,0
1.700,1.5004,-0.0000,0.0002,2.1000,10.7076,0
1.717,1.5004,-0.0000,0.0002,2.1000,10.7076,0
1.733,1.5004,-0.0000,0.0002,2.1000,10.7076,0
1.750,1.5004,-0.0000,0.0002,2.1000,10.7076,0
1.767,1.5004,-0.0000,0.0002,2.1000,10.7076,0
1.783,1.5004,-0.0000,0.0002,2.1000,10.7076,0
1.800,1.5004,0.0000,0.0002,2.1000,10.7076,0
1.817,1.5004,-0.0000,0.0002,2.1000,10.7075,0
1.833,1.5004,0.0000,0.0002,2.1000,10.7075,0
1.850,1.5004,-0.0000,0.0002,2.1000,10.7075,0
1.867,1.5004,-0.0000,0.0002,2.1000,10.7075,0
1.883,1.5004,-0.0000,0.0002,2.1000,10.7075,0
1.900,1.5004,-0.0000,0.0002,2.1000,10.7075,0
1.917,1.5004,-0.0000,0.0002,2.1000,10.7075,0
1.933,1.5004,0.0000,0.0002,2.1000,10.7075,0
1.950,1.5004,-0.0000,0.0002,2.1000,10.7075,0
1.967,1.5004,-0.0000,0.0002,2.1000,10.7075,0
1.983,1.5004,-0.0000,0.0002,2.1000,10.7075,0
2.000,1.5004,-0.0000,0.0002,2.1000,10.7075,0
2.017,1.5004,0.0000,0.0002,2.1000,10.7075,0
2.033,1.5004,-0.0000,0.0002,2.1000,10.7075,0
2.050,1.5005,0.0000,0.0002,2.1000,10.7075,0
2.067,1.5005,-0.0000,0.0002,2.1000,10.7075,0
2.083,1.5005,0.0000,0.0002,2.1000,10.7075,0
2.100,1.5005,-0.0000,0.0002,2.1000,10.7075,0
2.117,1.5005,0.0000,0.0002,2.1000,10.7075,0
2.133,1.5005,-0.0000,0.0002,2.1000,10.7075,0
2.150,1.5005,-0.0000,0.0002,2.1000,10.7075,0
2.167,1.5005,0.0000,0.0002,2.1000,10.7075,0
2.183,1.5005,-0.0000,0.0002,2.1000,10.7075,0
2.200,1.5005,0.0000,0.0002,2.1000,10.7075,0
2.217,1.5005,-0.0000,0.0002,2.1000,10.7075,0
2.233,1.5005,-0.0000,0.0002,2.1000,10.7075,0
2.250,1.5005,-0.0000,0.0002,2.1000,10.7075,0
2.267,1.5005,-0.0000,0.0002,2.1000,10.7075,0
2.283,1.5005,-0.0000,0.0002,2.1000,10.7074,0
2.300,1.5005,-0.0000,0.0002,2.1000,10.7074,0
2.317,1.5005,-0.0000,0.0002,2.1000,10.7074,0
2.333,1.5005,-0.0000,0.0002,2.1000,10.7074,0
2.350,1.5005,-0.0000,0.0002,2.1000,10.7074,0
2.367,1.5005,-0.0000,0.0002,2.1000,10.7074,0
2.383,1.5005,-0.0000,0.0002,2.1000,10.7074,0
2.400,1.5005,-0.0000,0.0002,2.1000,10.7074,0
2.417,1.5005,-0.0000,0.0002,2.1000,10.7074,0
2.433,1.5005,-0.0000,0.0002,2.1000,10.7074,0
2.450,1.5005,0.0000,0.0002,2.1000,10.7074,0
2.467,1.5005,-0.0000,0.0002,2.1000,10.7074,0
2.483,1.5005,-0.0000,0.0002,2.1000,10.7074,0
2.500,1.5005,-0.0000,0.0002,2.1000,10.7074,0
2.517,1.5006,0.0000,0.0002,2.1000,10.7074,0
2.533,1.5006,-0.0000,0.0002,2.1000,10.7074,0
2.550,1.5006,0.0000,0.0002,2.1000,10.7074,0
2.567,1.5006,-0.0000,0.0002,2.1000,10.7074,0
2.583,1.5006,0.0000,0.0002,2.1000,10.7074,0
2.600,1.5006,-0.0000,0.0002,2.1000,10.7074,0
2.617,1.5006,-0.0000,0.0002,2.1000,10.7074,0
2.633,1.5006,-0.0000,0.0002,2.1000,10.7074,0
2.650,1.5006,-0.0000,0.0002,2.1000,10.7074,0
2.667,1.5006,-0.0000,0.0002,2.1000,10.7074,0
2.683,1.5006,-0.0000,0.0002,2.1000,10.7074,0
2.700,1.5006,-0.0000,0.0002,2.1000,10.7074,0
2.717,1.5006,-0.0000,0.0003,2.1000,10.7074,0
2.733,1.5006,-0.0000,0.0002,2.1000,10.7074,0
2.750,1.5006,-0.0000,0.0002,2.1000,10.7074,0
2.767,1.5006,-0.0000,0.0002,2.1000,10.7073,0
2.783,1.5006,-0.0000,0.0002,2.1000,10.7073,0
2.800,1.5006,-0.0000,0.0002,2.1000,10.7073,0
2.817,1.5006,-0.0000,0.0002,2.1000,10.7073,0
2.833,1.5006,-0.0000,0.0002,2.1000,10.7073,0
2.850,1.5006,0.0000,0.0002,2.1000,10.7073,0
2.867,1.5006,-0.0000,0.0002,2.1000,10.7073,0
2.883,1.5006,-0.0000,0.0002,2.1000,10.7073,0
2.900,1.5006,-0.0000,0.0002,2.1000,10.7073,0
2.917,1.5006,0.0000,0.0002,2.1000,10.7073,0
2.933,1.5006,-0.0000,0.0002,2.1000,10.7073,0
2.950,1.5006,0.0000,0.0002,2.1000,10.7073,0
2.967,1.5006,-0.0000,0.0002,2.1000,10.7073,0
2.983,1.5007,0.0000,0.0002,2.1000,10.7073,0
3.000,1.5007,-0.0000,0.0002,2.1000,10.7073,0
3.017,1.5007,0.0000,0.0002,2.1000,10.7073,0
3.033,1.5007,-0.0000,0.0002,2.1000,10.7073,0
3.050,1.5007,0.0000,0.0002,2.1000,10.7073,0
3.067,1.5007,-0.0000,0.0002,2.1000,10.7073,0
3.083,1.5007,0.0000,0.0002,2.1000,10.7073,0
3.100,1.5007,-0.0000,0.0002,2.1000,10.7073,0
3.117,1.5007,0.0000,0.0002,2.1000,10.7073,0
3.133,1.5007,-0.0000,0.0002,2.1000,10.7073,0
3.150,1.5007,0.0000,0.0002,2.1000,10.7073,0
3.167,1.5007,-0.0000,0.0002,2.1000,10.7073,0
3.183,1.5007,-0.0000,0.0002,2.1000,10.7073,0
3.200,1.5007,-0.0000,0.0002,2.1000,10.7073,0
3.217,1.5007,0.0000,0.0002,2.1000,10.7073,0
3.233,1.5007,-0.0000,0.0002,2.1000,10.7072,0
3.250,1.5007,-0.0000,0.0002,2.1000,10.7072,0
3.267,1.5007,-0.0000,0.0002,2.1000,10.7072,0
3.283,1.5007,-0.0000,0.0002,2.1000,10.7072,0
3.300,1.5007,-0.0000,0.0002,2.1000,10.7072,0
3.317,1.5007,-0.0000,0.0002,2.1000,10.7072,0
3.333,1.5007,-0.0000,0.0002,2.1000,10.7072,0
3.350,1.5007,-0.0000,0.0002,2.1000,10.7072,0
3.367,1.5007,-0.0000,0.0002,2.1000,10.7072,0
3.383,1.5007,-0.0000,0.0002,2.1000,10.7072,0
3.400,1.5007,-0.0000,0.0002,2.1000,10.7072,0
3.417,1.5007,0.0000,0.0002,2.1000,10.7072,0
3.433,1.5007,-0.0000,0.0002,2.1000,10.7072,0
3.450,1.5008,-0.0000,0.0002,2.1000,10.7072,0
3.467,1.5008,-0.0000,0.0002,2.1000,10.7072,0
3.483,1.5008,-0.0000,0.0002,2.1000,10.7072,0
3.500,1.5008,-0.0000,0.0002,2.1000,10.7072,0
3.517,1.5008,-0.0000,0.0002,2.1000,10.7072,0
3.533,1.5008,-0.0000,0.0002,2.1000,10.7072,0
3.550,1.5008,-0.0000,0.0002,2.1000,10.7072,0
3.567,1.5008,-0.0000,0.0002,2.1000,10.7072,0
3.583,1.5008,-0.0000,0.0002,2.1000,10.7072,0
3.600,1.5008,-0.0000,0.0002,2.1000,10.7072,0
3.617,1.5008,-0.0000,0.0002,2.1000,10.7072,0
3.633,1.5008,-0.0000,0.0002,2.1000,10.7072,0
3.650,1.5008,-0.0000,0.0002,2.1000,10.7072,0
3.667,1.5008,-0.0000,0.0002,2.1000,10.7072,0
3.683,1.5008,-0.0000,0.0002,2.1000,10.7072,0
3.700,1.5008,-0.0000,0.0002,2.1000,10.7071,0
3.717,1.5008,-0.0000,0.0002,2.1000,10.7071,0
3.733,1.5008,-0.0000,0.0002,2.1000,10.7071,0
3.750,1.5008,-0.0000,0.0002,2.1000,10.7071,0
3.767,1.5008,0.0000,0.0002,2.1000,10.7071,0
3.783,1.5008,-0.0000,0.0002,2.1000,10.7071,0
3.800,1.5008,-0.0000,0.0002,2.1000,10.7071,0
3.817,1.5008,-0.0000,0.0002,2.1000,10.7071,0
3.833,1.5008,-0.0000,0.0002,2.1000,10.7071,0
3.850,1.5008,-0.0000,0.0002,2.1000,10.7071,0
3.867,1.5008,-0.0000,0.0002,2.1000,10.7071,0
3.883,1.5008,-0.0000,0.0002,2.1000,10.7071,0
3.900,1.5009,-0.0000,0.0002,2.1000,10.7071,0
3.917,1.5009,-0.0000,0.0002,2.1000,10.7071,0
3.933,1.5009,0.0000,0.0002,2.1000,10.7071,0
3.950,1.5009,-0.0000,0.0002,2.1000,10.7071,0
3.967,1.5009,-0.0000,0.0002,2.1000,10.7071,0
3.983,1.5009,-0.0000,0.0002,2.1000,10.7071,0
4.000,1.5009,0.0000,0.0002,2.1000,10.7071,0
4.017,1.5009,-0.0000,0.0002,2.1000,10.7071,0
4.033,1.5009,0.0000,0.0002,2.1000,10.7071,0
4.050,1.5009,-0.0000,0.0002,2.1000,10.7071,0
4.067,1.5009,-0.0000,0.0002,2.1000,10.7071,0
4.083,1.5009,0.0000,0.0002,2.1000,10.7071,0
4.100,1.5009,-0.0000,0.0002,2.1000,10.7071,0
4.117,1.5009,-0.0000,0.0002,2.1000,10.7071,0
4.133,1.5009,-0.0000,0.0002,2.1000,10.7071,0
4.150,1.5009,-0.0000,0.0002,2.1000,10.7071,0
4.167,1.5009,-0.0000,0.0002,2.1000,10.7070,0
4.183,1.5009,0.0000,0.0002,2.1000,10.7070,0
4.200,1.5009,-0.0000,0.0002,2.1000,10.7070,0
4.217,1.5009,-0.0000,0.0002,2.1000,10.7070,0
4.233,1.5009,-0.0000,0.0002,2.1000,10.7070,0
4.250,1.5009,0.0000,0.0002,2.1000,10.7070,0
4.267,1.5009,-0.0000,0.0002,2.1000,10.7070,0
4.283,1.5009,-0.0000,0.0002,2.1000,10.7070,0
4.300,1.5009,-0.0000,0.0002,2.1000,10.7070,0
4.317,1.5009,0.0000,0.0002,2.1000,10.7070,0
4.333,1.5009,-0.0000,0.0002,2.1000,10.7070,0
4.350,1.5009,0.0000,0.0002,2.1000,10.7070,0
4.367,1.5010,-0.0000,0.0002,2.1000,10.7070,0
4.383,1.5010,0.0000,0.0002,2.1000,10.7070,0
4.400,1.5010,-0.0000,0.0002,2.1000,10.7070,0
4.417,1.5010,0.0000,0.0002,2.1000,10.7070,0
4.433,1.5010,-0.0000,0.0002,2.1000,10.7070,0
4.450,1.5010,0.0000,0.0002,2.1000,10.7070,0
4.467,1.5010,-0.0000,0.0002,2.1000,10.7070,0
4.483,1.5010,0.0000,0.0002,2.1000,10.7070,0
4.500,1.5010,-0.0000,0.0002,2.1000,10.7070,0
4.517,1.5010,0.0000,0.0002,2.1000,10.7070,0
4.533,1.5010,-0.0000,0.0002,2.1000,10.7070,0
4.550,1.5010,0.0000,0.0002,2.1000,10.7070,0
4.567,1.5010,-0.0000,0.0002,2.1000,10.7070,0
4.583,1.5010,0.0000,0.0002,2.1000,10.7070,0
4.600,1.5010,-0.0000,0.0002,2.1000,10.7070,0
4.617,1.5010,0.0000,0.0002,2.1000,10.7070,0
4.633,1.5010,-0.0000,0.0002,2.1000,10.7070,0
4.650,1.5010,0.0000,0.0002,2.1000,10.7069,0
4.667,1.5010,-0.0000,0.0002,2.1000,10.7069,0
4.683,1.5010,-0.0000,0.0002,2.1000,10.7069,0
4.700,1.5010,-0.0000,0.0002,2.1000,10.7069,0
4.717,1.5010,-0.0000,0.0002,2.1000,10.7069,0
4.733,1.5010,-0.0000,0.0002,2.1000,10.7069,0
4.750,1.5010,-0.0000,0.0002,2.1000,10.7069,0
4.767,1.5010,-0.0000,0.0002,2.1000,10.7069,0
4.783,1.5010,-0.0000,0.0002,2.1000,10.7069,0
4.800,1.5010,-0.0000,0.0002,2.1000,10.7069,0
4.817,1.5011,-0.0000,0.0002,2.1000,10.7069,0
4.833,1.5011,-0.0000,0.0002,2.1000,10.7069,0
4.850,1.5011,0.0000,0.0002,2.1000,10.7069,0
4.867,1.5011,-0.0000,0.0002,2.1000,10.7069,0
4.883,1.5011,0.0000,0.0002,2.1000,10.7069,0
4.900,1.5011,-0.0000,0.0002,2.1000,10.7069,0
4.917,1.5011,0.0000,0.0002,2.1000,10.7069,0
4.933,1.5011,-0.0000,0.0002,2.1000,10.7069,0
4.950,1.5011,0.0000,0.0002,2.1000,10.7069,0
4.967,1.5011,-0.0000,0.0002,2.1000,10.7069,0
4.983,1.5011,0.0000,0.0002,2.1000,10.7069,0
5.000,1.5011,-0.0000,0.0002,2.1000,10.7069,0
5.017,1.5011,0.0000,0.0002,2.1000,10.7069,0
5.033,1.5011,-0.0000,0.0002,2.1000,10.7069,0
5.050,1.5011,0.0000,0.0002,2.1000,10.7069,0
5.067,1.5011,-0.0000,0.0002,2.1000,10.7069,0
5.083,1.5011,0.0000,0.0002,2.1000,10.7069,0
5.100,1.5011,-0.0000,0.0002,2.1000,10.7069,0
5.117,1.5011,0.0000,0.0002,2.1000,10.7068,0
5.133,1.5011,-0.0000,0.0002,2.1000,10.7068,0
5.150,1.5011,0.0000,0.0002,2.1000,10.7068,0
5.167,1.5011,-0.0000,0.0002,2.1000,10.7068,0
5.183,1.5011,0.0000,0.0002,2.1000,10.7068,0
5.200,1.5011,-0.0000,0.0002,2.1000,10.7068,0
5.217,1.5011,0.0000,0.0002,2.1000,10.7068,0
5.233,1.5011,-0.0000,0.0002,2.1000,10.7068,0
5.250,1.5011,-0.0000,0.0002,2.1000,10.7068,0
5.267,1.5011,-0.0000,0.0002,2.1000,10.7068,0
5.283,1.5012,0.0000,0.0002,2.1000,10.7068,0
5.300,1.5012,-0.0000,0.0002,2.1000,10.7068,0
5.317,1.5012,-0.0000,0.0002,2.1000,10.7068,0
5.333,1.5012,-0.0000,0.0002,2.1000,10.7068,0
5.350,1.5012,-0.0000,0.0002,2.1000,10.7068,0
5.367,1.5012,-0.0000,0.0002,2.1000,10.7068,0
5.383,1.5012,-0.0000,0.0002,2.1000,10.7068,0
5.400,1.5012,-0.0000,0.0002,2.1000,10.7068,0
5.417,1.5012,-0.0000,0.0002,2.1000,10.7068,0
5.433,1.5012,-0.0000,0.0002,2.1000,10.7068,0
5.450,1.5012,-0.0000,0.0002,2.1000,10.7068,0
5.467,1.5012,-0.0000,0.0002,2.1000,10.7068,0
5.483,1.5012,0.0000,0.0002,2.1000,10.7068,0
5.500,1.5012,-0.0000,0.0002,2.1000,10.7068,0
5.517,1.5012,-0.0000,0.0002,2.1000,10.7068,0
5.533,1.5012,-0.0000,0.0002,2.1000,10.7068,0
5.550,1.5012,-0.0000,0.0002,2.1000,10.7068,0
5.567,1.5012,-0.0000,0.0002,2.1000,10.7068,0
5.583,1.5012,-0.0000,0.0002,2.1000,10.7067,0
5.600,1.5012,-0.0000,0.0002,2.1000,10.7067,0
5.617,1.5012,-0.0000,0.0002,2.1000,10.7067,0
5.633,1.5012,0.0000,0.0002,2.1000,10.7067,0
5.650,1.5012,-0.0000,0.0002,2.1000,10.7067,0
5.667,1.5012,-0.0000,0.0002,2.1000,10.7067,0
5.683,1.5012,0.0000,0.0002,2.1000,10.7067,0
5.700,1.5012,0.0000,0.0002,2.1000,10.7067,0
5.717,1.5012,-0.0000,0.0002,2.1000,10.7067,0
5.733,1.5012,0.0000,0.0002,2.1000,10.7067,0
5.750,1.5013,-0.0000,0.0002,2.1000,10.7067,0
5.767,1.5013,0.0000,0.0002,2.1000,10.7067,0
5.783,1.5013,-0.0000,0.0002,2.1000,10.7067,0
5.800,1.5013,-0.0000,0.0002,2.1000,10.7067,0
5.817,1.5013,0.0000,0.0002,2.1000,10.7067,0
5.833,1.5013,-0.0000,0.0002,2.1000,10.7067,0
5.850,1.5013,0.0000,0.0002,2.1000,10.7067,0
5.867,1.5013,-0.0000,0.0002,2.1000,10.7067,0
5.883,1.5013,0.0000,0.0002,2.1000,10.7067,0
5.900,1.5013,-0.0000,0.0002,2.1000,10.7067,0
5.917,1.5013,0.0000,0.0002,2.1000,10.7067,0
5.933,1.5013,-0.0000,0.0002,2.1000,10.7067,0
5.950,1.5013,0.0000,0.0002,2.1000,10.7067,0
5.967,1.5013,-0.0000,0.0002,2.1000,10.7067,0
5.983,1.5013,0.0000,0.0002,2.1000,10.7067,0
6.000,1.5013,-0.0000,0.0002,2.1000,10.7067,0
6.017,1.5013,0.0000,0.0002,2.1000,10.7067,0
6.033,1.5013,-0.0000,0.0002,2.1000,10.7067,0
6.050,1.5013,-0.0000,0.0002,2.1000,10.7066,0
6.067,1.5013,-0.0000,0.0002,2.1000,10.7066,0
6.083,1.5013,-0.0000,0.0002,2.1000,10.7066,0
6.100,1.5013,-0.0000,0.0003,2.1000,10.7066,0
6.117,1.5013,-0.0000,0.0002,2.1000,10.7066,0
6.133,1.5013,0.0000,0.0002,2.1000,10.7066,0
6.150,1.5013,-0.0000,0.0002,2.1000,10.7066,0
6.167,1.5013,-0.0000,0.0002,2.1000,10.7066,0
6.183,1.5013,0.0000,0.0002,2.1000,10.7066,0
6.200,1.5014,-0.0000,0.0002,2.1000,10.7066,0
6.217,1.5014,0.0000,0.0002,2.1000,10.7066,0
6.233,1.5014,-0.0000,0.0002,2.1000,10.7066,0
6.250,1.5014,0.0000,0.0002,2.1000,10.7066,0
6.267,1.5014,-0.0000,0.0002,2.1000,10.7066,0
6.283,1.5014,0.0000,0.0002,2.1000,10.7066,0
6.300,1.5014,-0.0000,0.0002,2.1000,10.7066,0
6.317,1.5014,0.0000,0.0002,2.1000,10.7066,0
6.333,1.5014,-0.0000,0.0002,2.1000,10.7066,0
6.350,1.5014,-0.0000,0.0002,2.1000,10.7066,0
6.367,1.5014,-0.0000,0.0002,2.1000,10.7066,0
6.383,1.5014,0.0000,0.0002,2.1000,10.7066,0
6.400,1.5014,-0.0000,0.0002,2.1000,10.7066,0
6.417,1.5014,0.0000,0.0002,2.1000,10.7066,0
6.433,1.5014,-0.0000,0.0002,2.1000,10.7066,0
6.450,1.5014,-0.0000,0.0002,2.1000,10.7066,0
6.467,1.5014,-0.0000,0.0002,2.1000,10.7066,0
6.483,1.5014,-0.0000,0.0002,2.1000,10.7066,0
6.500,1.5014,0.0000,0.0002,2.1000,10.7066,0
6.517,1.5014,-0.0000,0.0002,2.1000,10.7065,0
6.533,1.5014,-0.0000,0.0002,2.1000,10.7065,0
6.550,1.5014,-0.0000,0.0002,2.1000,10.7065,0
6.567,1.5014,0.0000,0.0002,2.1000,10.7065,0
6.583,1.5014,-0.0000,0.0002,2.1000,10.7065,0
6.600,1.5014,-0.0000,0.0002,2.1000,10.7065,0
6.617,1.5014,0.0000,0.0002,2.1000,10.7065,0
6.633,1.5014,0.0000,0.0002,2.1000,10.7065,0
6.650,1.5014,-0.0000,0.0002,2.1000,10.7065,0
6.667,1.5015,-0.0000,0.0002,2.1000,10.7065,0
6.683,1.5015,-0.0000,0.0002,2.1000,10.7065,0
6.700,1.5015,-0.0000,0.0002,2.1000,10.7065,0
6.717,1.5015,-0.0000,0.0002,2.1000,10.7065,0
6.733,1.5015,-0.0000,0.0002,2.1000,10.7065,0
6.750,1.5015,-0.0000,0.0002,2.1000,10.7065,0
6.767,1.5015,-0.0000,0.0002,2.1000,10.7065,0
6.783,1.5015,0.0000,0.0002,2.1000,10.7065,0
6.800,1.5015,-0.0000,0.0002,2.1000,10.7065,0
6.817,1.5015,-0.0000,0.0002,2.1000,10.7065,0
6.833,1.5015,0.0000,0.0002,2.1000,10.7065,0
6.850,1.5015,-0.0000,0.0002,2.1000,10.7065,0
6.867,1.5015,-0.0000,0.0002,2.1000,10.7065,0
6.883,1.5015,-0.0000,0.0002,2.1000,10.7065,0
6.900,1.5015,-0.0000,0.0002,2.1000,10.7065,0
6.917,1.5015,-0.0000,0.0002,2.1000,10.7065,0
6.933,1.5015,-0.0000,0.0002,2.1000,10.7065,0
6.950,1.5015,-0.0000,0.0002,2.1000,10.7065,0
6.967,1.5015,-0.0000,0.0002,2.1000,10.7065,0
6.983,1.5015,-0.0000,0.0002,2.1000,10.7065,0
7.000,1.5015,-0.0000,0.0002,2.1000,10.7064,0
7.017,1.5015,-0.0000,0.0002,2.1000,10.7064,0
7.033,1.5015,-0.0000,0.0002,2.1000,10.7064,0
7.050,1.5015,-0.0000,0.0002,2.1000,10.7064,0
7.067,1.5015,-0.0000,0.0002,2.1000,10.7064,0
7.083,1.5015,-0.0000,0.0002,2.1000,10.7064,0
7.100,1.5015,0.0000,0.0002,2.1000,10.7064,0
7.117,1.5015,-0.0000,0.0002,2.1000,10.7064,0
7.133,1.5016,-0.0000,0.0002,2.1000,10.7064,0
7.150,1.5016,-0.0000,0.0002,2.1000,10.7064,0
7.167,1.5016,-0.0000,0.0002,2.1000,10.7064,0
7.183,1.5016,-0.0000,0.0002,2.1000,10.7064,0
7.200,1.5016,-0.0000,0.0002,2.1000,10.7064,0
7.217,1.5016,-0.0000,0.0002,2.1000,10.7064,0
7.233,1.5016,-0.0000,0.0002,2.1000,10.7064,0
7.250,1.5016,0.0000,0.0002,2.1000,10.7064,0
7.267,1.5016,-0.0000,0.0002,2.1000,10.7064,0
7.283,1.5016,-0.0000,0.0002,2.1000,10.7064,0
7.300,1.5016,-0.0000,0.0002,2.1000,10.7064,0
7.317,1.5016,-0.0000,0.0002,2.1000,10.7064,0
7.333,1.5016,0.0000,0.0002,2.1000,10.7064,0
7.350,1.5016,-0.0000,0.0002,2.1000,10.7064,0
7.367,1.5016,-0.0000,0.0002,2.1000,10.7064,0
7.383,1.5016,-0.0000,0.0002,2.1000,10.7064,0
7.400,1.5016,-0.0000,0.0002,2.1000,10.7064,0
7.417,1.5016,-0.0000,0.0002,2.1000,10.7064,0
7.433,1.5016,0.0000,0.0002,2.1000,10.7064,0
7.450,1.5016,-0.0000,0.0002,2.1000,10.7064,0
7.467,1.5016,0.0000,0.0002,2.1000,10.7063,0
7.483,1.5016,-0.0000,0.0002,2.1000,10.7063,0
7.500,1.5016,-0.0000,0.0002,2.1000,10.7063,0
7.517,1.5016,0.0000,0.0002,2.1000,10.7063,0
7.533,1.5016,-0.0000,0.0002,2.1000,10.7063,0
7.550,1.5016,-0.0000,0.0002,2.1000,10.7063,0
7.567,1.5016,-0.0000,0.0002,2.1000,10.7063,0
7.583,1.5017,-0.0000,0.0002,2.1000,10.7063,0
7.600,1.5017,-0.0000,0.0002,2.1000,10.7063,0
7.617,1.5017,0.0000,0.0002,2.1000,10.7063,0
7.633,1.5017,0.0000,0.0002,2.1000,10.7063,0
7.650,1.5017,-0.0000,0.0002,2.1000,10.7063,0
7.667,1.5017,0.0000,0.0002,2.1000,10.7063,0
7.683,1.5017,0.0000,0.0002,2.1000,10.7063,0
7.700,1.5017,-0.0000,0.0002,2.1000,10.7063,0
7.717,1.5017,-0.0000,0.0002,2.1000,10.7063,0
7.733,1.5017,-0.0000,0.0002,2.1000,10.7063,0
7.750,1.5017,-0.0000,0.0002,2.1000,10.7063,0
7.767,1.5017,-0.0000,0.0002,2.1000,10.7063,0
7.783,1.5017,-0.0000,0.0002,2.1000,10.7063,0
7.800,1.5017,0.0000,0.0002,2.1000,10.7063,0
7.817,1.5017,-0.0000,0.0002,2.1000,10.7063,0
7.833,1.5017,0.0000,0.0002,2.1000,10.7063,0
7.850,1.5017,-0.0000,0.0002,2.1000,10.7063,0
7.867,1.5017,0.0000,0.0002,2.1000,10.7063,0
7.883,1.5017,-0.0000,0.0002,2.1000,10.7063,0
7.900,1.5017,0.0000,0.0002,2.1000,10.7063,0
7.917,1.5017,-0.0000,0.0002,2.1000,10.7063,0
7.933,1.5017,0.0000,0.0002,2.1000,10.7062,0
7.950,1.5017,-0.0000,0.0002,2.1000,10.7062,0
7.967,1.5017,0.0000,0.0002,2.1000,10.7062,0
7.983,1.5017,-0.0000,0.0002,2.1000,10.7062,0
8.000,1.5017,-0.0000,0.0002,2.1000,10.7062,0
8.017,1.5017,-0.0000,0.0002,2.1000,10.7062,0
8.033,1.5017,-0.0000,0.0002,2.1000,10.7062,0
8.050,1.5018,0.0000,0.0002,2.1000,10.7062,0
8.067,1.5018,-0.0000,0.0002,2.1000,10.7062,0
8.083,1.5018,0.0000,0.0002,2.1000,10.7062,0
8.100,1.5018,-0.0000,0.0003,2.1000,10.7062,0
8.117,1.5018,0.0000,0.0002,2.1000,10.7062,0
8.133,1.5018,-0.0000,0.0002,2.1000,10.7062,0
8.150,1.5018,-0.0000,0.0002,2.1000,10.7062,0
8.167,1.5018,-0.0000,0.0002,2.1000,10.7062,0
8.183,1.5018,-0.0000,0.0002,2.1000,10.7062,0
8.200,1.5018,-0.0000,0.0002,2.1000,10.7062,0
8.217,1.5018,-0.0000,0.0002,2.1000,10.7062,0
8.233,1.5018,-0.0000,0.0002,2.1000,10.7062,0
8.250,1.5018,-0.0000,0.0002,2.1000,10.7062,0
8.267,1.5018,-0.0000,0.0002,2.1000,10.7062,0
8.283,1.5018,0.0000,0.0002,2.1000,10.7062,0
8.300,1.5018,-0.0000,0.0002,2.1000,10.7062,0
8.317,1.5018,-0.0000,0.0002,2.1000,10.7062,0
8.333,1.5018,0.0000,0.0003,2.1000,10.7062,0
8.350,1.5018,-0.0000,0.0002,2.1000,10.7062,0
8.367,1.5018,0.0000,0.0002,2.1000,10.7062,0
8.383,1.5018,-0.0000,0.0002,2.1000,10.7062,0
8.400,1.5018,-0.0000,0.0002,2.1000,10.7061,0
8.417,1.5018,-0.0000,0.0002,2.1000,10.7061,0
8.433,1.5018,-0.0000,0.0002,2.1000,10.7061,0
8.450,1.5018,0.0000,0.0002,2.1000,10.7061,0
8.467,1.5018,-0.0000,0.0002,2.1000,10.7061,0
8.483,1.5018,-0.0000,0.0002,2.1000,10.7061,0
8.500,1.5018,-0.0000,0.0002,2.1000,10.7061,0
8.517,1.5019,-0.0000,0.0002,2.1000,10.7061,0
8.533,1.5019,-0.0000,0.0002,2.1000,10.7061,0
8.550,1.5019,-0.0000,0.0002,2.1000,10.7061,0
8.567,1.5019,-0.0000,0.0002,2.1000,10.7061,0
8.583,1.5019,-0.0000,0.0002,2.1000,10.7061,0
8.600,1.5019,0.0000,0.0002,2.1000,10.7061,0
8.617,1.5019,-0.0000,0.0002,2.1000,10.7061,0
8.633,1.5019,0.0000,0.0002,2.1000,10.7061,0
8.650,1.5019,-0.0000,0.0002,2.1000,10.7061,0
8.667,1.5019,-0.0000,0.0002,2.1000,10.7061,0
8.683,1.5019,-0.0000,0.0002,2.1000,10.7061,0
8.700,1.5019,-0.0000,0.0002,2.1000,10.7061,0
8.717,1.5019,-0.0000,0.0002,2.1000,10.7061,0
8.733,1.5019,-0.0000,0.0002,2.1000,10.7061,0
8.750,1.5019,-0.0000,0.0002,2.1000,10.7061,0
8.767,1.5019,-0.0000,0.0002,2.1000,10.7061,0
8.783,1.5019,-0.0000,0.0002,2.1000,10.7061,0
8.800,1.5019,-0.0000,0.0002,2.1000,10.7061,0
8.817,1.5019,-0.0000,0.0002,2.1000,10.7061,0
8.833,1.5019,-0.0000,0.0002,2.1000,10.7061,0
8.850,1.5019,-0.0000,0.0002,2.1000,10.7061,0
8.867,1.5019,-0.0000,0.0002,2.1000,10.7060,0
8.883,1.5019,-0.0000,0.0002,2.1000,10.7060,0
8.900,1.5019,-0.0000,0.0002,2.1000,10.7060,0
8.917,1.5019,-0.0000,0.0002,2.1000,10.7060,0
8.933,1.5019,-0.0000,0.0002,2.1000,10.7060,0
8.950,1.5019,-0.0000,0.0002,2.1000,10.7060,0
8.967,1.5020,-0.0000,0.0002,2.1000,10.7060,0
8.983,1.5020,-0.0000,0.0002,2.1000,10.7060,0
9.000,1.5020,-0.0000,0.0002,2.1000,10.7060,0
9.017,1.5020,-0.0000,0.0002,2.1000,10.7060,0
9.033,1.5020,-0.0000,0.0002,2.1000,10.7060,0
9.050,1.5020,-0.0000,0.0002,2.1000,10.7060,0
9.067,1.5020,-0.0000,0.0002,2.1000,10.7060,0
9.083,1.5020,-0.0000,0.0002,2.1000,10.7060,0
9.100,1.5020,-0.0000,0.0002,2.1000,10.7060,0
9.117,1.5020,-0.0000,0.0002,2.1000,10.7060,0
9.133,1.5020,-0.0000,0.0002,2.1000,10.7060,0
9.150,1.5020,-0.0000,0.0002,2.1000,10.7060,0
9.167,1.5020,-0.0000,0.0002,2.1000,10.7060,0
9.183,1.5020,-0.0000,0.0002,2.1000,10.7060,0
9.200,1.5020,-0.0000,0.0002,2.1000,10.7060,0
9.217,1.5020,-0.0000,0.0002,2.1000,10.7060,0
9.233,1.5020,-0.0000,0.0002,2.1000,10.7060,0
9.250,1.5020,-0.0000,0.0002,2.1000,10.7060,0
9.267,1.5020,-0.0000,0.0002,2.1000,10.7060,0
9.283,1.5020,-0.0000,0.0002,2.1000,10.7060,0
9.300,1.5020,-0.0000,0.0002,2.1000,10.7060,0
9.317,1.5020,-0.0000,0.0002,2.1000,10.7060,0
9.333,1.5020,-0.0000,0.0002,2.1000,10.7060,0
9.350,1.5020,-0.0000,0.0002,2.1000,10.7059,0
9.367,1.5020,-0.0000,0.0002,2.1000,10.7059,0
9.383,1.5020,-0.0000,0.0002,2.1000,10.7059,0
9.400,1.5020,-0.0000,0.0002,2.1000,10.7059,0
9.417,1.5020,-0.0000,0.0002,2.1000,10.7059,0
9.433,1.5021,-0.0000,0.0002,2.1000,10.7059,0
9.450,1.5021,-0.0000,0.0002,2.1000,10.7059,0
9.467,1.5021,-0.0000,0.0002,2.1000,10.7059,0
9.483,1.5021,-0.0000,0.0002,2.1000,10.7059,0
9.500,1.5021,-0.0000,0.0002,2.1000,10.7059,0
9.517,1.5021,-0.0000,0.0002,2.1000,10.7059,0
9.533,1.5021,-0.0000,0.0002,2.1000,10.7059,0
9.550,1.5021,-0.0000,0.0002,2.1000,10.7059,0
9.567,1.5021,-0.0000,0.0002,2.1000,10.7059,0
9.583,1.5021,-0.0000,0.0002,2.1000,10.7059,0
9.600,1.5021,-0.0000,0.0002,2.1000,10.7059,0
9.617,1.5021,-0.0000,0.0002,2.1000,10.7059,0
9.633,1.5021,-0.0000,0.0002,2.1000,10.7059,0
9.650,1.5021,-0.0000,0.0002,2.1000,10.7059,0
9.667,1.5021,-0.0000,0.0002,2.1000,10.7059,0
9.683,1.5021,-0.0000,0.0002,2.1000,10.7059,0
9.700,1.5021,-0.0000,0.0002,2.1000,10.7059,0
9.717,1.5021,-0.0000,0.0002,2.1000,10.7059,0
9.733,1.5021,-0.0000,0.0002,2.1000,10.7059,0
9.750,1.5021,-0.0000,0.0002,2.1000,10.7059,0
9.767,1.5021,-0.0000,0.0002,2.1000,10.7059,0
9.783,1.5021,-0.0000,0.0002,2.1000,10.7059,0
9.800,1.5021,-0.0000,0.0002,2.1000,10.7059,0
9.817,1.5021,-0.0000,0.0002,2.1000,10.7058,0
9.833,1.5021,-0.0000,0.0002,2.1000,10.7058,0
9.850,1.5021,-0.0000,0.0002,2.1000,10.7058,0
9.867,1.5021,-0.0000,0.0002,2.1000,10.7058,0
9.883,1.5021,-0.0000,0.0002,2.1000,10.7058,0
9.900,1.5022,-0.0000,0.0002,2.1000,10.7058,0
9.917,1.5022,-0.0000,0.0002,2.1000,10.7058,0
9.933,1.5022,-0.0000,0.0002,2.1000,10.7058,0
9.950,1.5022,-0.0000,0.0002,2.1000,10.7058,0
9.967,1.5022,-0.0000,0.0002,2.1000,10.7058,0
9.983,1.5022,-0.0000,0.0002,2.1000,10.7058,0
10.000,1.5022,-0.0000,0.0002,2.1000,10.7058,0
10.017,1.5022,-0.0000,0.0002,2.1000,10.7058,0
10.033,1.5022,-0.0000,0.0002,2.1000,10.7058,0
10.050,1.5022,-0.0000,0.0002,2.1000,10.7058,0
10.067,1.5022,-0.0000,0.0002,2.1000,10.7058,0
10.083,1.5022,-0.0000,0.0002,2.1000,10.7058,0
10.100,1.5022,-0.0000,0.0002,2.1000,10.7058,0
10.117,1.5022,-0.0000,0.0002,2.1000,10.7058,0
10.133,1.5022,-0.0000,0.0002,2.1000,10.7058,0
10.150,1.5022,-0.0000,0.0002,2.1000,10.7058,0
10.167,1.5022,-0.0000,0.0002,2.1000,10.7058,0
10.183,1.5022,-0.0000,0.0002,2.1000,10.7058,0
10.200,1.5022,-0.0000,0.0002,2.1000,10.7058,0
10.217,1.5022,-0.0000,0.0002,2.1000,10.7058,0
10.233,1.5022,-0.0000,0.0002,2.1000,10.7058,0
10.250,1.5022,-0.0000,0.0003,2.1000,10.7058,0
10.267,1.5022,-0.0000,0.0002,2.1000,10.7058,0
10.283,1.5022,-0.0000,0.0002,2.1000,10.7057,0
10.300,1.5022,-0.0000,0.0002,2.1000,10.7057,0
10.317,1.5022,-0.0000,0.0002,2.1000,10.7057,0
10.333,1.5022,-0.0000,0.0002,2.1000,10.7057,0
10.350,1.5023,-0.0000,0.0002,2.1000,10.7057,0
10.367,1.5023,-0.0000,0.0002,2.1000,10.7057,0
10.383,1.5023,-0.0000,0.0002,2.1000,10.7057,0
10.400,1.5023,0.0000,0.0002,2.1000,10.7057,0
10.417,1.5023,-0.0000,0.0002,2.1000,10.7057,0
10.433,1.5023,-0.0000,0.0002,2.1000,10.7057,0
10.450,1.5023,-0.0000,0.0002,2.1000,10.7057,0
10.467,1.5023,-0.0000,0.0002,2.1000,10.7057,0
10.483,1.5023,-0.0000,0.0002,2.1000,10.7057,0
10.500,1.5023,-0.0000,0.0002,2.1000,10.7057,0
10.517,1.5023,-0.0000,0.0002,2.1000,10.7057,0
10.533,1.5023,-0.0000,0.0002,2.1000,10.7057,0
10.550,1.5023,-0.0000,0.0002,2.1000,10.7057,0
10.567,1.5030,-0.0000,0.0424,2.1000,10.7050,0
10.583,1.5045,-0.0000,0.0876,2.1000,10.7036,0
10.600,1.5067,0.0000,0.1321,2.1000,10.7014,0
10.617,1.5095,0.0001,0.1680,2.1000,10.6986,0
10.633,1.5127,0.0001,0.1952,2.1000,10.6955,0
10.650,1.5157,0.0001,0.1820,2.1000,10.6925,0
10.667,1.5185,0.0001,0.1631,2.1000,10.6898,0
10.683,1.5215,0.0001,0.1831,2.1000,10.6868,0
10.700,1.5249,0.0002,0.2015,2.1000,10.6835,0
10.717,1.5284,0.0002,0.2087,2.1000,10.6801,0
10.733,1.5319,0.0002,0.2103,2.1000,10.6767,0
10.750,1.5354,0.0002,0.2106,2.1000,10.6732,0
10.767,1.5391,0.0002,0.2235,2.1000,10.6696,0
10.783,1.5430,0.0003,0.2342,2.1000,10.6657,0
10.800,1.5469,0.0003,0.2365,2.1000,10.6619,0
10.817,1.5509,0.0003,0.2370,2.1000,10.6580,0
10.833,1.5548,0.0003,0.2371,2.1000,10.6541,0
10.850,1.5588,0.0003,0.2371,2.1000,10.6502,0
10.867,1.5627,0.0003,0.2371,2.1000,10.6464,0
10.883,1.5667,0.0004,0.2372,2.1000,10.6425,0
10.900,1.5706,0.0004,0.2372,2.1000,10.6386,0
10.917,1.5746,0.0004,0.2371,2.1000,10.6347,0
10.933,1.5786,0.0004,0.2372,2.1000,10.6308,0
10.950,1.5831,0.0004,0.2745,2.1000,10.6264,0
10.967,1.5883,0.0005,0.3103,2.1000,10.6213,0
10.983,1.5943,0.0005,0.3613,2.1000,10.6154,0
11.000,1.6011,0.0006,0.4077,2.1000,10.6087,0
11.017,1.6085,0.0007,0.4456,2.1000,10.6014,0
11.033,1.6165,0.0007,0.4778,2.1000,10.5936,0
11.050,1.6247,0.0008,0.4934,2.1000,10.5855,0
11.067,1.6330,0.0008,0.4986,2.1000,10.5774,0
11.083,1.6414,0.0008,0.5002,2.1000,10.5692,0
11.100,1.6497,0.0008,0.5005,2.1000,10.5610,0
11.117,1.6581,0.0008,0.5005,2.1000,10.5528,0
11.133,1.6664,0.0008,0.5006,2.1000,10.5447,0
11.150,1.6747,0.0008,0.5005,2.1000,10.5365,0
11.167,1.6831,0.0008,0.5004,2.1000,10.5283,0
11.183,1.6912,0.0008,0.4876,2.1000,10.5204,0
11.200,1.6992,0.0007,0.4769,2.1000,10.5126,0
11.217,1.7071,0.0006,0.4745,2.1000,10.5048,0
11.233,1.7152,0.0006,0.4868,2.1000,10.4969,0
11.250,1.7235,0.0005,0.4974,2.1000,10.4888,0
11.267,1.7318,0.0004,0.4996,2.1000,10.4807,0
11.283,1.7401,0.0004,0.5000,2.1000,10.4725,0
11.300,1.7485,0.0003,0.5000,2.1000,10.4644,0
11.317,1.7568,0.0002,0.5000,2.1000,10.4562,0
11.333,1.7651,0.0001,0.5000,2.1000,10.4481,0
11.350,1.7735,0.0000,0.5000,2.1000,10.4399,0
11.367,1.7816,-0.0001,0.4871,2.1000,10.4320,0
11.383,1.7895,-0.0002,0.4764,2.1000,10.4242,0
11.400,1.7974,-0.0003,0.4741,2.1000,10.4165,0
11.417,1.8055,-0.0004,0.4859,2.1000,10.4086,0
11.433,1.8138,-0.0005,0.4963,2.1000,10.4005,0
11.450,1.8221,-0.0006,0.4990,2.1000,10.3924,0
11.467,1.8304,-0.0007,0.4996,2.1000,10.3843,0
11.483,1.8388,-0.0008,0.4997,2.1000,10.3761,0
11.500,1.8471,-0.0009,0.4997,2.1000,10.3680,0
11.517,1.8554,-0.0011,0.4998,2.1000,10.3599,0
11.533,1.8637,-0.0012,0.4998,2.1000,10.3517,0
11.550,1.8721,-0.0013,0.4997,2.1000,10.3436,0
11.567,1.8802,-0.0014,0.4870,2.1000,10.3357,0
11.583,1.8881,-0.0015,0.4765,2.1000,10.3279,0
11.600,1.8960,-0.0017,0.4742,2.1000,10.3202,0
11.617,1.9039,-0.0018,0.4738,2.1000,10.3125,0
11.633,1.9118,-0.0019,0.4737,2.1000,10.3048,0
11.650,1.9199,-0.0020,0.4865,2.1000,10.2969,0
11.667,1.9282,-0.0022,0.4972,2.1000,10.2888,0
11.683,1.9365,-0.0023,0.4996,2.1000,10.2807,0
11.700,1.9449,-0.0025,0.5002,2.1000,10.2726,0
11.717,1.9532,-0.0026,0.5003,2.1000,10.2644,0
11.733,1.9616,-0.0027,0.5005,2.1000,10.2563,0
11.750,1.9699,-0.0029,0.5005,2.1000,10.2482,0
11.767,1.9782,-0.0030,0.5006,2.1000,10.2400,0
11.783,1.9866,-0.0031,0.5007,2.1000,10.2319,0
11.800,1.9949,-0.0033,0.5007,2.1000,10.2238,0
11.817,2.0033,-0.0034,0.5008,2.1000,10.2156,0
11.833,2.0116,-0.0036,0.5008,2.1000,10.2075,0
11.850,2.0200,-0.0037,0.5009,2.1000,10.1993,0
11.867,2.0283,-0.0038,0.5010,2.1000,10.1912,0
11.883,2.0367,-0.0040,0.5009,2.1000,10.1831,0
11.900,2.0448,-0.0041,0.4882,2.1000,10.1751,0
11.917,2.0527,-0.0042,0.4774,2.1000,10.1674,0
11.933,2.0609,-0.0043,0.4880,2.1000,10.1594,0
11.950,2.0692,-0.0045,0.4981,2.1000,10.1513,0
11.967,2.0775,-0.0046,0.5003,2.1000,10.1432,0
11.983,2.0859,-0.0047,0.5007,2.1000,10.1351,0
12.000,2.0942,-0.0048,0.5008,2.1000,10.1269,0
12.017,2.1026,-0.0049,0.5007,2.1000,10.1188,0
12.033,2.1109,-0.0051,0.5007,2.1000,10.1107,0
12.050,2.1192,-0.0052,0.5006,2.1000,10.1025,0
12.067,2.1276,-0.0053,0.5005,2.1000,10.0944,0
12.083,2.1359,-0.0054,0.5005,2.1000,10.0863,0
12.100,2.1441,-0.0055,0.4876,2.1000,10.0783,0
12.117,2.1520,-0.0056,0.4768,2.1000,10.0706,0
12.133,2.1599,-0.0057,0.4745,2.1000,10.0629,0
12.150,2.1678,-0.0057,0.4740,2.1000,10.0552,0
12.167,2.1757,-0.0058,0.4738,2.1000,10.0475,0
12.183,2.1838,-0.0059,0.4865,2.1000,10.0395,0
12.200,2.1921,-0.0060,0.4970,2.1000,10.0315,0
12.217,2.2004,-0.0061,0.4993,2.1000,10.0233,0
12.233,2.2087,-0.0062,0.4997,2.1000,10.0152,0
12.250,2.2171,-0.0062,0.4998,2.1000,10.0071,0
12.267,2.2254,-0.0063,0.4998,2.1000,9.9990,0
12.283,2.2337,-0.0064,0.4998,2.1000,9.9908,0
12.300,2.2421,-0.0064,0.4998,2.1000,9.9827,0
12.317,2.2504,-0.0065,0.4997,2.1000,9.9746,0
12.333,2.2587,-0.0066,0.4998,2.1000,9.9665,0
12.350,2.2668,-0.0066,0.4871,2.1000,9.9585,0
12.367,2.2750,-0.0067,0.4889,2.1000,9.9506,0
12.383,2.2833,-0.0067,0.4972,2.1000,9.9425,0
12.400,2.2916,-0.0068,0.4988,2.1000,9.9344,0
12.417,2.2999,-0.0068,0.5001,2.1000,9.9262,0
12.433,2.3083,-0.0069,0.5004,2.1000,9.9181,0
12.450,2.3166,-0.0069,0.5001,2.1000,9.9100,0
12.467,2.3249,-0.0070,0.5005,2.1000,9.9018,0
12.483,2.3333,-0.0070,0.5005,2.1000,9.8937,0
12.500,2.3416,-0.0070,0.5007,2.1000,9.8855,0
12.517,2.3498,-0.0071,0.4880,2.1000,9.8776,0
12.533,2.3577,-0.0071,0.4772,2.1000,9.8698,0
12.550,2.3656,-0.0071,0.4750,2.1000,9.8621,0
12.567,2.3735,-0.0072,0.4747,2.1000,9.8544,0
12.583,2.3817,-0.0072,0.4871,2.1000,9.8465,0
12.600,2.3899,-0.0072,0.4976,2.1000,9.8384,0
12.617,2.3983,-0.0072,0.4997,2.1000,9.8302,0
12.633,2.4066,-0.0072,0.5008,2.1000,9.8221,0
12.650,2.4150,-0.0073,0.5006,2.1000,9.8139,0
12.667,2.4233,-0.0073,0.5009,2.1000,9.8058,0
12.683,2.4317,-0.0073,0.5010,2.1000,9.7976,0
12.700,2.4400,-0.0073,0.5010,2.1000,9.7895,0
12.717,2.4484,-0.0073,0.5010,2.1000,9.7813,0
12.733,2.4567,-0.0072,0.5010,2.1000,9.7732,0
12.750,2.4651,-0.0072,0.5010,2.1000,9.7650,0
12.767,2.4734,-0.0072,0.5009,2.1000,9.7569,0
12.783,2.4818,-0.0072,0.5009,2.1000,9.7487,0
12.800,2.4901,-0.0071,0.5008,2.1000,9.7405,0
12.817,2.4985,-0.0071,0.5008,2.1000,9.7324,0
12.833,2.5068,-0.0070,0.5007,2.1000,9.7242,0
12.850,2.5151,-0.0070,0.5006,2.1000,9.7161,0
12.867,2.5235,-0.0069,0.5006,2.1000,9.7079,0
12.883,2.5318,-0.0068,0.5005,2.1000,9.6997,0
12.900,2.5402,-0.0067,0.5004,2.1000,9.6916,0
12.917,2.5485,-0.0067,0.5004,2.1000,9.6834,0
12.933,2.5566,-0.0066,0.4875,2.1000,9.6755,0
12.950,2.5648,-0.0065,0.4895,2.1000,9.6675,0
12.967,2.5731,-0.0064,0.4976,2.1000,9.6594,0
12.983,2.5814,-0.0063,0.4995,2.1000,9.6512,0
13.000,2.5897,-0.0062,0.4999,2.1000,9.6431,0
13.017,2.5981,-0.0061,0.4999,2.1000,9.6349,0
13.033,2.6064,-0.0060,0.4999,2.1000,9.6268,0
13.050,2.6147,-0.0059,0.4998,2.1000,9.6186,0
13.067,2.6231,-0.0058,0.4998,2.1000,9.6105,0
13.083,2.6314,-0.0057,0.4997,2.1000,9.6023,0
13.100,2.6397,-0.0055,0.4998,2.1000,9.5942,0
13.117,2.6480,-0.0054,0.4997,2.1000,9.5860,0
13.133,2.6562,-0.0053,0.4869,2.1000,9.5781,0
13.150,2.6641,-0.0052,0.4762,2.1000,9.5703,0
13.167,2.6720,-0.0051,0.4740,2.1000,9.5626,0
13.183,2.6801,-0.0049,0.4862,2.1000,9.5547,0
13.200,2.6884,-0.0048,0.4967,2.1000,9.5466,0
13.217,2.6967,-0.0047,0.4991,2.1000,9.5384,0
13.233,2.7048,-0.0045,0.4870,2.1000,9.5305,0
13.250,2.7127,-0.0044,0.4764,2.1000,9.5227,0
13.267,2.7209,-0.0043,0.4868,2.1000,9.5148,0
13.283,2.7291,-0.0041,0.4966,2.1000,9.5067,0
13.300,2.7375,-0.0040,0.4994,2.1000,9.4985,0
13.317,2.7458,-0.0039,0.5000,2.1000,9.4903,0
13.333,2.7541,-0.0037,0.5002,2.1000,9.4822,0
13.350,2.7625,-0.0036,0.5003,2.1000,9.4740,0
13.367,2.7708,-0.0034,0.5004,2.1000,9.4659,0
13.383,2.7791,-0.0033,0.5005,2.1000,9.4577,0
13.400,2.7875,-0.0031,0.5005,2.1000,9.4495,0
13.417,2.7958,-0.0030,0.5006,2.1000,9.4414,0
13.433,2.8042,-0.0029,0.5007,2.1000,9.4332,0
13.450,2.8123,-0.0027,0.4880,2.1000,9.4252,0
13.467,2.8203,-0.0026,0.4773,2.1000,9.4175,0
13.483,2.8284,-0.0024,0.4878,2.1000,9.4095,0
13.500,2.8367,-0.0023,0.4979,2.1000,9.4014,0
13.517,2.8450,-0.0021,0.5002,2.1000,9.3932,0
13.533,2.8534,-0.0020,0.5008,2.1000,9.3851,0
13.550,2.8617,-0.0018,0.5009,2.1000,9.3769,0
13.567,2.8700,-0.0016,0.5009,2.1000,9.3687,0
13.583,2.8784,-0.0015,0.5009,2.1000,9.3605,0
13.600,2.8867,-0.0013,0.5009,2.1000,9.3524,0
13.617,2.8951,-0.0012,0.5008,2.1000,9.3442,0
13.633,2.9032,-0.0010,0.4881,2.1000,9.3362,0
13.650,2.9112,-0.0008,0.4772,2.1000,9.3285,0
13.667,2.9193,-0.0007,0.4876,2.1000,9.3205,0
13.683,2.9276,-0.0005,0.4979,2.1000,9.3124,0
13.700,2.9359,-0.0003,0.5000,2.1000,9.3042,0
13.717,2.9443,-0.0002,0.5004,2.1000,9.2961,0
13.733,2.9526,0.0000,0.5004,2.1000,9.2879,0
13.750,2.9609,0.0002,0.5003,2.1000,9.2798,0
13.767,2.9693,0.0004,0.5002,2.1000,9.2716,0
13.783,2.9776,0.0005,0.5002,2.1000,9.2634,0
13.800,2.9859,0.0007,0.5001,2.1000,9.2553,0
13.817,2.9943,0.0009,0.5001,2.1000,9.2471,0
13.833,3.0026,0.0011,0.5000,2.1000,9.2390,0
13.850,3.0107,0.0012,0.4872,2.1000,9.2310,0
13.867,3.0187,0.0014,0.4764,2.1000,9.2233,0
13.883,3.0266,0.0016,0.4741,2.1000,9.2155,0
13.900,3.0347,0.0018,0.4865,2.1000,9.2076,0
13.917,3.0429,0.0019,0.4970,2.1000,9.1995,0
13.933,3.0513,0.0021,0.4993,2.1000,9.1913,0
13.950,3.0596,0.0023,0.4997,2.1000,9.1832,0
13.967,3.0679,0.0025,0.4996,2.1000,9.1751,0
13.983,3.0762,0.0027,0.4996,2.1000,9.1669,0
14.000,3.0846,0.0029,0.4997,2.1000,9.1588,0
14.017,3.0929,0.0031,0.4997,2.1000,9.1506,0
14.033,3.1012,0.0032,0.4997,2.1000,9.1425,0
14.050,3.1095,0.0034,0.4997,2.1000,9.1343,0
14.067,3.1177,0.0036,0.4870,2.1000,9.1264,0
14.083,3.1258,0.0038,0.4892,2.1000,9.1184,0
14.100,3.1341,0.0040,0.4977,2.1000,9.1103,0
14.117,3.1424,0.0042,0.4996,2.1000,9.1021,0
14.133,3.1508,0.0044,0.5000,2.1000,9.0940,0
14.150,3.1591,0.0045,0.5002,2.1000,9.0858,0
14.167,3.1674,0.0047,0.5002,2.1000,9.0777,0
14.183,3.1758,0.0049,0.5003,2.1000,9.0695,0
14.200,3.1841,0.0051,0.5004,2.1000,9.0614,0
14.217,3.1924,0.0053,0.5005,2.1000,9.0532,0
14.233,3.2008,0.0055,0.5006,2.1000,9.0451,0
14.250,3.2091,0.0056,0.5006,2.1000,9.0369,0
14.267,3.2175,0.0058,0.5007,2.1000,9.0288,0
14.283,3.2258,0.0060,0.5007,2.1000,9.0206,0
14.300,3.2342,0.0062,0.5008,2.1000,9.0124,0
14.317,3.2425,0.0064,0.5008,2.1000,9.0043,0
14.333,3.2508,0.0065,0.5008,2.1000,8.9961,0
14.350,3.2592,0.0067,0.5008,2.1000,8.9880,0
14.367,3.2675,0.0069,0.5009,2.1000,8.9798,0
14.383,3.2759,0.0071,0.5009,2.1000,8.9716,0
14.400,3.2842,0.0073,0.5009,2.1000,8.9635,0
14.417,3.2926,0.0075,0.5009,2.1000,8.9553,0
14.433,3.3009,0.0076,0.5008,2.1000,8.9472,0
14.450,3.3093,0.0078,0.5008,2.1000,8.9390,0
14.467,3.3176,0.0080,0.5008,2.1000,8.9309,0
14.483,3.3260,0.0082,0.5007,2.1000,8.9227,0
14.500,3.3343,0.0084,0.5006,2.1000,8.9146,0
14.517,3.3426,0.0086,0.5006,2.1000,8.9064,0
14.533,3.3510,0.0088,0.5004,2.1000,8.8983,0
14.550,3.3593,0.0089,0.5004,2.1000,8.8901,0
14.567,3.3674,0.0091,0.4876,2.1000,8.8822,0
14.583,3.3756,0.0093,0.4895,2.1000,8.8742,0
14.600,3.3839,0.0095,0.4979,2.1000,8.8661,0
14.617,3.3922,0.0097,0.4997,2.1000,8.8580,0
14.633,3.4005,0.0099,0.5000,2.1000,8.8498,0
14.650,3.4089,0.0101,0.5000,2.1000,8.8417,0
14.667,3.4172,0.0103,0.4999,2.1000,8.8335,0
14.683,3.4255,0.0105,0.4999,2.1000,8.8254,0
14.700,3.4339,0.0107,0.4999,2.1000,8.8173,0
14.717,3.4422,0.0109,0.4998,2.1000,8.8091,0
14.733,3.4505,0.0111,0.4997,2.1000,8.8010,0
14.750,3.4586,0.0112,0.4869,2.1000,8.7931,0
14.767,3.4666,0.0114,0.4762,2.1000,8.7853,0
14.783,3.4747,0.0116,0.4867,2.1000,8.7774,0
14.800,3.4830,0.0118,0.4969,2.1000,8.7693,0
14.817,3.4913,0.0120,0.4991,2.1000,8.7612,0
14.833,3.4996,0.0122,0.4996,2.1000,8.7530,0
14.850,3.5079,0.0124,0.4997,2.1000,8.7449,0
14.867,3.5162,0.0126,0.4998,2.1000,8.7368,0
14.883,3.5246,0.0128,0.4998,2.1000,8.7286,0
14.900,3.5329,0.0130,0.4998,2.1000,8.7205,0
14.917,3.5412,0.0132,0.4999,2.1000,8.7124,0
14.933,3.5494,0.0134,0.4872,2.1000,8.7044,0
14.950,3.5573,0.0136,0.4765,2.1000,8.6967,0
14.967,3.5652,0.0139,0.4740,2.1000,8.6890,0
14.983,3.5731,0.0141,0.4740,2.1000,8.6812,0
15.000,3.5812,0.0143,0.4857,2.1000,8.6733,0
15.017,3.5894,0.0146,0.4948,2.1000,8.6653,0
15.033,3.5977,0.0148,0.4990,2.1000,8.6571,0
15.050,3.6061,0.0151,0.5003,2.1000,8.6490,0
15.067,3.6144,0.0153,0.5004,2.1000,8.6408,0
15.083,3.6227,0.0155,0.5001,2.1000,8.6327,0
15.100,3.6311,0.0158,0.5001,2.1000,8.6246,0
15.117,3.6394,0.0160,0.5004,2.1000,8.6164,0
15.133,3.6477,0.0163,0.5001,2.1000,8.6083,0
15.150,3.6561,0.0165,0.5000,2.1000,8.6001,0
15.167,3.6644,0.0167,0.5006,2.1000,8.5920,0
15.183,3.6725,0.0170,0.4875,2.1000,8.5840,0
15.200,3.6807,0.0172,0.4906,2.1000,8.5761,0
15.217,3.6890,0.0174,0.4979,2.1000,8.5680,0
15.233,3.6973,0.0177,0.5005,2.1000,8.5598,0
15.250,3.7057,0.0178,0.5005,2.1000,8.5517,0
15.267,3.7140,0.0180,0.5005,2.1000,8.5435,0
15.283,3.7224,0.0182,0.5004,2.1000,8.5354,0
15.300,3.7307,0.0184,0.5003,2.1000,8.5273,0
15.317,3.7390,0.0185,0.5003,2.1000,8.5192,0
15.333,3.7474,0.0187,0.5002,2.1000,8.5110,0
15.350,3.7557,0.0189,0.5002,2.1000,8.5029,0
15.367,3.7640,0.0190,0.5002,2.1000,8.4948,0
15.383,3.7724,0.0192,0.5001,2.1000,8.4867,0
15.400,3.7807,0.0193,0.5002,2.1000,8.4786,0
15.417,3.7890,0.0195,0.5001,2.1000,8.4705,0
15.433,3.7974,0.0196,0.5001,2.1000,8.4623,0
15.450,3.8057,0.0198,0.4999,2.1000,8.4542,0
15.467,3.8138,0.0199,0.4874,2.1000,8.4463,0
15.483,3.8218,0.0200,0.4766,2.1000,8.4386,0
15.500,3.8297,0.0201,0.4741,2.1000,8.4309,0
15.517,3.8378,0.0202,0.4862,2.1000,8.4230,0
15.533,3.8460,0.0203,0.4968,2.1000,8.4150,0
15.550,3.8544,0.0204,0.4990,2.1000,8.4069,0
15.567,3.8627,0.0205,0.4995,2.1000,8.3988,0
15.583,3.8710,0.0206,0.4994,2.1000,8.3907,0
15.600,3.8793,0.0207,0.4995,2.1000,8.3827,0
15.617,3.8877,0.0208,0.4996,2.1000,8.3746,0
15.633,3.8960,0.0208,0.4995,2.1000,8.3665,0
15.650,3.9041,0.0209,0.4867,2.1000,8.3586,0
15.667,3.9120,0.0210,0.4761,2.1000,8.3509,0
15.683,3.9201,0.0210,0.4867,2.1000,8.3430,0
15.700,3.9284,0.0211,0.4970,2.1000,8.3350,0
15.717,3.9367,0.0211,0.4992,2.1000,8.3269,0
15.733,3.9451,0.0212,0.4997,2.1000,8.3189,0
15.750,3.9534,0.0212,0.4999,2.1000,8.3108,0
15.767,3.9617,0.0213,0.5000,2.1000,8.3027,0
15.783,3.9701,0.0213,0.5000,2.1000,8.2946,0
15.800,3.9784,0.0213,0.5002,2.1000,8.2865,0
15.817,3.9867,0.0214,0.5002,2.1000,8.2785,0
15.833,3.9951,0.0214,0.5002,2.1000,8.2704,0
15.850,4.0032,0.0214,0.4876,2.1000,8.2625,0
15.867,4.0112,0.0214,0.4770,2.1000,8.2548,0
15.883,4.0191,0.0214,0.4748,2.1000,8.2472,0
15.900,4.0272,0.0214,0.4870,2.1000,8.2393,0
15.917,4.0355,0.0215,0.4977,2.1000,8.2313,0
15.933,4.0438,0.0215,0.5001,2.1000,8.2232,0
15.950,4.0522,0.0215,0.5006,2.1000,8.2151,0
15.967,4.0605,0.0215,0.5007,2.1000,8.2071,0
15.983,4.0688,0.0215,0.5007,2.1000,8.1990,0
16.000,4.0772,0.0215,0.5007,2.1000,8.1909,0
16.017,4.0855,0.0215,0.5008,2.1000,8.1828,0
16.033,4.0939,0.0215,0.5008,2.1000,8.1748,0
16.050,4.1022,0.0214,0.5008,2.1000,8.1667,0
16.067,4.1104,0.0214,0.4881,2.1000,8.1588,0
16.083,4.1183,0.0214,0.4772,2.1000,8.1512,0
16.100,4.1264,0.0214,0.4874,2.1000,8.1433,0
16.117,4.1347,0.0214,0.4973,2.1000,8.1353,0
16.133,4.1431,0.0214,0.5000,2.1000,8.1272,0
16.150,4.1514,0.0214,0.5005,2.1000,8.1192,0
16.167,4.1595,0.0214,0.4878,2.1000,8.1113,0
16.183,4.1677,0.0214,0.4897,2.1000,8.1034,0
16.200,4.1760,0.0213,0.4981,2.1000,8.0954,0
16.217,4.1843,0.0213,0.4999,2.1000,8.0874,0
16.233,4.1927,0.0213,0.5001,2.1000,8.0793,0
16.250,4.2010,0.0213,0.5001,2.1000,8.0713,0
16.267,4.2093,0.0213,0.5001,2.1000,8.0632,0
16.283,4.2177,0.0212,0.5000,2.1000,8.0552,0
16.300,4.2260,0.0212,0.4999,2.1000,8.0471,0
16.317,4.2343,0.0212,0.5000,2.1000,8.0391,0
16.333,4.2427,0.0212,0.4998,2.1000,8.0310,0
16.350,4.2510,0.0212,0.4999,2.1000,8.0230,0
16.367,4.2593,0.0211,0.4997,2.1000,8.0150,0
16.383,4.2674,0.0211,0.4870,2.1000,8.0071,0
16.400,4.2756,0.0211,0.4890,2.1000,7.9993,0
16.417,4.2839,0.0211,0.4974,2.1000,7.9913,0
16.433,4.2922,0.0210,0.4993,2.1000,7.9832,0
16.450,4.3005,0.0210,0.4995,2.1000,7.9752,0
16.467,4.3089,0.0210,0.4997,2.1000,7.9672,0
16.483,4.3172,0.0209,0.4996,2.1000,7.9592,0
16.500,4.3255,0.0209,0.4997,2.1000,7.9511,0
16.517,4.3338,0.0209,0.4997,2.1000,7.9431,0
16.533,4.3422,0.0208,0.4998,2.1000,7.9351,0
16.550,4.3505,0.0208,0.4999,2.1000,7.9270,0
16.567,4.3586,0.0208,0.4871,2.1000,7.9192,0
16.583,4.3666,0.0207,0.4765,2.1000,7.9116,0
16.600,4.3747,0.0207,0.4870,2.1000,7.9037,0
16.617,4.3830,0.0207,0.4974,2.1000,7.8957,0
16.633,4.3913,0.0206,0.4996,2.1000,7.8877,0
16.650,4.3996,0.0206,0.5002,2.1000,7.8797,0
16.667,4.4080,0.0205,0.5003,2.1000,7.8717,0
16.683,4.4163,0.0205,0.5004,2.1000,7.8636,0
16.700,4.4246,0.0204,0.5005,2.1000,7.8556,0
16.717,4.4330,0.0204,0.5006,2.1000,7.8476,0
16.733,4.4413,0.0204,0.5006,2.1000,7.8395,0
16.750,4.4497,0.0203,0.5006,2.1000,7.8315,0
16.767,4.4578,0.0203,0.4879,2.1000,7.8237,0
16.783,4.4658,0.0202,0.4772,2.1000,7.8160,0
16.800,4.4737,0.0202,0.4750,2.1000,7.8084,0
16.817,4.4818,0.0201,0.4873,2.1000,7.8006,0
16.833,4.4901,0.0201,0.4980,2.1000,7.7926,0
16.850,4.4984,0.0200,0.5003,2.1000,7.7846,0
16.867,4.5066,0.0200,0.4880,2.1000,7.7768,0
16.883,4.5145,0.0199,0.4774,2.1000,7.7691,0
16.900,4.5227,0.0199,0.4877,2.1000,7.7613,0
16.917,4.5310,0.0198,0.4980,2.1000,7.7533,0
16.933,4.5393,0.0198,0.5001,2.1000,7.7453,0
16.950,4.5476,0.0197,0.5006,2.1000,7.7373,0
16.967,4.5560,0.0196,0.5007,2.1000,7.7292,0
16.983,4.5643,0.0196,0.5006,2.1000,7.7212,0
17.000,4.5727,0.0195,0.5006,2.1000,7.7132,0
17.017,4.5810,0.0195,0.5005,2.1000,7.7052,0
17.033,4.5893,0.0194,0.5005,2.1000,7.6972,0
17.050,4.5977,0.0194,0.5004,2.1000,7.6892,0
17.067,4.6060,0.0193,0.5003,2.1000,7.6811,0
17.083,4.6144,0.0193,0.5002,2.1000,7.6731,0
17.100,4.6227,0.0192,0.5001,2.1000,7.6651,0
17.117,4.6310,0.0192,0.5001,2.1000,7.6571,0
17.133,4.6394,0.0191,0.4999,2.1000,7.6491,0
17.150,4.6477,0.0191,0.4999,2.1000,7.6411,0
17.167,4.6560,0.0191,0.4999,2.1000,7.6331,0
17.183,4.6644,0.0190,0.4998,2.1000,7.6251,0
17.200,4.6727,0.0190,0.4999,2.1000,7.6171,0
17.217,4.6810,0.0189,0.4998,2.1000,7.6091,0
17.233,4.6893,0.0189,0.4997,2.1000,7.6011,0
17.250,4.6977,0.0188,0.4997,2.1000,7.5931,0
17.267,4.7060,0.0188,0.4997,2.1000,7.5851,0
17.283,4.7143,0.0187,0.4996,2.1000,7.5771,0
17.300,4.7227,0.0187,0.4996,2.1000,7.5691,0
17.317,4.7310,0.0186,0.4996,2.1000,7.5611,0
17.333,4.7393,0.0186,0.4998,2.1000,7.5531,0
17.350,4.7474,0.0185,0.4870,2.1000,7.5454,0
17.367,4.7554,0.0185,0.4763,2.1000,7.5377,0
17.383,4.7633,0.0184,0.4741,2.1000,7.5302,0
17.400,4.7712,0.0184,0.4738,2.1000,7.5226,0
17.417,4.7793,0.0183,0.4864,2.1000,7.5148,0
17.433,4.7876,0.0183,0.4971,2.1000,7.5069,0
17.450,4.7959,0.0182,0.4995,2.1000,7.4989,0
17.467,4.8042,0.0182,0.5001,2.1000,7.4909,0
17.483,4.8126,0.0181,0.5003,2.1000,7.4829,0
17.500,4.8209,0.0181,0.5004,2.1000,7.4749,0
17.517,4.8292,0.0180,0.5004,2.1000,7.4669,0
17.533,4.8376,0.0179,0.5005,2.1000,7.4589,0
17.550,4.8459,0.0179,0.5005,2.1000,7.4509,0
17.567,4.8543,0.0178,0.5006,2.1000,7.4429,0
17.583,4.8626,0.0178,0.5006,2.1000,7.4349,0
17.600,4.8709,0.0177,0.5007,2.1000,7.4269,0
17.617,4.8793,0.0177,0.5008,2.1000,7.4189,0
17.633,4.8876,0.0176,0.5008,2.1000,7.4109,0
17.650,4.8960,0.0175,0.5008,2.1000,7.4030,0
17.667,4.9043,0.0175,0.5008,2.1000,7.3950,0
17.683,4.9127,0.0174,0.5009,2.1000,7.3870,0
17.700,4.9210,0.0173,0.5009,2.1000,7.3790,0
17.717,4.9294,0.0173,0.5008,2.1000,7.3710,0
17.733,4.9377,0.0172,0.5009,2.1000,7.3630,0
17.750,4.9461,0.0172,0.5008,2.1000,7.3550,0
17.767,4.9542,0.0171,0.4881,2.1000,7.3472,0
17.783,4.9622,0.0170,0.4772,2.1000,7.3396,0
17.800,4.9701,0.0170,0.4749,2.1000,7.3320,0
17.817,4.9782,0.0169,0.4868,2.1000,7.3243,0
17.833,4.9865,0.0169,0.4976,2.1000,7.3163,0
17.850,4.9948,0.0168,0.4999,2.1000,7.3084,0
17.867,5.0031,0.0168,0.5002,2.1000,7.3004,0
17.883,5.0115,0.0167,0.5003,2.1000,7.2924,0
17.900,5.0198,0.0167,0.5002,2.1000,7.2844,0
17.917,5.0282,0.0166,0.5001,2.1000,7.2765,0
17.933,5.0365,0.0165,0.5001,2.1000,7.2685,0
17.950,5.0448,0.0165,0.5001,2.1000,7.2605,0
17.967,5.0532,0.0164,0.5000,2.1000,7.2526,0
17.983,5.0613,0.0164,0.4872,2.1000,7.2448,0
18.000,5.0692,0.0163,0.4763,2.1000,7.2372,0
18.017,5.0773,0.0163,0.4868,2.1000,7.2295,0
18.033,5.0856,0.0162,0.4971,2.1000,7.2215,0
18.050,5.0939,0.0162,0.4992,2.1000,7.2136,0
18.067,5.1023,0.0161,0.4995,2.1000,7.2056,0
18.083,5.1106,0.0161,0.4996,2.1000,7.1977,0
18.100,5.1189,0.0160,0.4996,2.1000,7.1897,0
18.117,5.1272,0.0160,0.4996,2.1000,7.1818,0
18.133,5.1356,0.0159,0.4997,2.1000,7.1738,0
18.150,5.1439,0.0159,0.4997,2.1000,7.1659,0
18.167,5.1522,0.0158,0.4997,2.1000,7.1579,0
18.183,5.1603,0.0158,0.4870,2.1000,7.1502,0
18.200,5.1683,0.0157,0.4763,2.1000,7.1426,0
18.217,5.1762,0.0157,0.4742,2.1000,7.1350,0
18.233,5.1843,0.0156,0.4865,2.1000,7.1273,0
18.250,5.1926,0.0155,0.4970,2.1000,7.1194,0
18.267,5.2009,0.0155,0.4995,2.1000,7.1115,0
18.283,5.2092,0.0154,0.5001,2.1000,7.1035,0
18.300,5.2176,0.0154,0.5002,2.1000,7.0956,0
18.317,5.2259,0.0153,0.5003,2.1000,7.0876,0
18.333,5.2343,0.0153,0.5003,2.1000,7.0797,0
18.350,5.2426,0.0152,0.5005,2.1000,7.0717,0
18.367,5.2509,0.0151,0.5006,2.1000,7.0637,0
18.383,5.2593,0.0151,0.5006,2.1000,7.0558,0
18.400,5.2676,0.0150,0.5006,2.1000,7.0478,0
18.417,5.2760,0.0149,0.5007,2.1000,7.0399,0
18.433,5.2843,0.0149,0.5008,2.1000,7.0319,0
18.450,5.2927,0.0148,0.5008,2.1000,7.0240,0
18.467,5.3010,0.0148,0.5008,2.1000,7.0160,0
18.483,5.3094,0.0147,0.5009,2.1000,7.0081,0
18.500,5.3177,0.0146,0.5010,2.1000,7.0001,0
18.517,5.3261,0.0146,0.5009,2.1000,6.9922,0
18.533,5.3344,0.0145,0.5010,2.1000,6.9842,0
18.550,5.3428,0.0144,0.5009,2.1000,6.9763,0
18.567,5.3509,0.0144,0.4881,2.1000,6.9685,0
18.583,5.3588,0.0143,0.4772,2.1000,6.9610,0
18.600,5.3670,0.0143,0.4877,2.1000,6.9532,0
18.617,5.3753,0.0142,0.4979,2.1000,6.9453,0
18.633,5.3836,0.0141,0.5001,2.1000,6.9374,0
18.650,5.3919,0.0141,0.5004,2.1000,6.9295,0
18.667,5.4003,0.0140,0.5005,2.1000,6.9215,0
18.683,5.4084,0.0140,0.4876,2.1000,6.9138,0
18.700,5.4164,0.0139,0.4768,2.1000,6.9062,0
18.717,5.4243,0.0139,0.4745,2.1000,6.8987,0
18.733,5.4324,0.0138,0.4865,2.1000,6.8910,0
18.750,5.4407,0.0137,0.4973,2.1000,6.8831,0
18.767,5.4490,0.0137,0.4995,2.1000,6.8752,0
18.783,5.4573,0.0136,0.4999,2.1000,6.8673,0
18.800,5.4656,0.0136,0.4999,2.1000,6.8594,0
18.817,5.4740,0.0135,0.4998,2.1000,6.8514,0
18.833,5.4823,0.0135,0.4999,2.1000,6.8435,0
18.850,5.4906,0.0134,0.4998,2.1000,6.8356,0
18.867,5.4990,0.0134,0.4997,2.1000,6.8277,0
18.883,5.5073,0.0133,0.4997,2.1000,6.8198,0
18.900,5.5154,0.0133,0.4870,2.1000,6.8121,0
18.917,5.5233,0.0132,0.4762,2.1000,6.8045,0
18.933,5.5312,0.0132,0.4739,2.1000,6.7970,0
18.950,5.5394,0.0131,0.4863,2.1000,6.7893,0
18.967,5.5476,0.0131,0.4965,2.1000,6.7815,0
18.983,5.5559,0.0130,0.4990,2.1000,6.7736,0
19.000,5.5643,0.0130,0.4996,2.1000,6.7657,0
19.017,5.5726,0.0130,0.4998,2.1000,6.7578,0
19.033,5.5809,0.0129,0.4999,2.1000,6.7498,0
19.050,5.5893,0.0129,0.4999,2.1000,6.7419,0
19.067,5.5976,0.0128,0.5000,2.1000,6.7340,0
19.083,5.6059,0.0128,0.5001,2.1000,6.7261,0
19.100,5.6143,0.0128,0.5002,2.1000,6.7182,0
19.117,5.6224,0.0127,0.4875,2.1000,6.7105,0
19.133,5.6306,0.0127,0.4896,2.1000,6.7027,0
19.150,5.6389,0.0126,0.4979,2.1000,6.6949,0
19.167,5.6472,0.0126,0.4999,2.1000,6.6870,0
19.183,5.6555,0.0125,0.5004,2.1000,6.6791,0
19.200,5.6639,0.0125,0.5005,2.1000,6.6712,0
19.217,5.6722,0.0124,0.5006,2.1000,6.6632,0
19.233,5.6806,0.0124,0.5007,2.1000,6.6553,0
19.250,5.6889,0.0124,0.5007,2.1000,6.6474,0
19.267,5.6972,0.0123,0.5008,2.1000,6.6395,0
19.283,5.7056,0.0123,0.5008,2.1000,6.6316,0
19.300,5.7139,0.0122,0.5008,2.1000,6.6237,0
19.317,5.7223,0.0121,0.5008,2.1000,6.6158,0
19.333,5.7306,0.0121,0.5007,2.1000,6.6079,0
19.350,5.7390,0.0120,0.5008,2.1000,6.6000,0
19.367,5.7473,0.0120,0.5008,2.1000,6.5921,0
19.383,5.7557,0.0119,0.5007,2.1000,6.5842,0
19.400,5.7640,0.0119,0.5008,2.1000,6.5763,0
19.417,5.7724,0.0118,0.5008,2.1000,6.5684,0
19.433,5.7807,0.0117,0.5007,2.1000,6.5605,0
19.450,5.7890,0.0117,0.5006,2.1000,6.5526,0
19.467,5.7974,0.0116,0.5007,2.1000,6.5447,0
19.483,5.8057,0.0115,0.5004,2.1000,6.5369,0
19.500,5.8141,0.0115,0.5005,2.1000,6.5290,0
19.517,5.8224,0.0114,0.5006,2.1000,6.5211,0
19.533,5.8308,0.0113,0.5004,2.1000,6.5132,0
19.550,5.8391,0.0113,0.5005,2.1000,6.5053,0
19.567,5.8474,0.0112,0.5001,2.1000,6.4975,0
19.583,5.8558,0.0111,0.5004,2.1000,6.4896,0
19.600,5.8641,0.0110,0.5000,2.1000,6.4817,0
19.617,5.8724,0.0110,0.5000,2.1000,6.4739,0
19.633,5.8808,0.0109,0.4998,2.1000,6.4660,0
19.650,5.8891,0.0108,0.4996,2.1000,6.4582,0
19.667,5.8974,0.0107,0.4997,2.1000,6.4503,0
19.683,5.9055,0.0106,0.4866,2.1000,6.4427,0
19.700,5.9135,0.0105,0.4766,2.1000,6.4352,0
19.717,5.9214,0.0104,0.4739,2.1000,6.4278,0
19.733,5.9295,0.0103,0.4862,2.1000,6.4201,0
19.750,5.9378,0.0102,0.4968,2.1000,6.4123,0
19.767,5.9461,0.0101,0.4990,2.1000,6.4045,0
19.783,5.9544,0.0099,0.4994,2.1000,6.3967,0
19.800,5.9627,0.0098,0.4996,2.1000,6.3889,0
19.817,5.9710,0.0097,0.4997,2.1000,6.3811,0
19.833,5.9794,0.0095,0.4997,2.1000,6.3732,0
19.850,5.9877,0.0094,0.4998,2.1000,6.3654,0
19.867,5.9960,0.0092,0.4998,2.1000,6.3576,0
19.883,6.0044,0.0091,0.4999,2.1000,6.3498,0
19.900,6.0127,0.0089,0.5000,2.1000,6.3420,0
19.917,6.0210,0.0088,0.5001,2.1000,6.3341,0
19.933,6.0294,0.0086,0.5001,2.1000,6.3263,0
19.950,6.0377,0.0085,0.5002,2.1000,6.3185,0
19.967,6.0460,0.0083,0.5004,2.1000,6.3107,0
19.983,6.0544,0.0081,0.5004,2.1000,6.3029,0
20.000,6.0627,0.0079,0.5004,2.1000,6.2951,0
20.017,6.0710,0.0078,0.5005,2.1000,6.2873,0
20.033,6.0794,0.0076,0.5006,2.1000,6.2795,0
20.050,6.0877,0.0074,0.5006,2.1000,6.2717,0
20.067,6.0961,0.0072,0.5007,2.1000,6.2639,0
20.083,6.1044,0.0070,0.5007,2.1000,6.2561,0
20.100,6.1128,0.0068,0.5008,2.1000,6.2483,0
20.117,6.1211,0.0066,0.5008,2.1000,6.2405,0
20.133,6.1294,0.0065,0.5008,2.1000,6.2327,0
20.150,6.1378,0.0063,0.5008,2.1000,6.2249,0
20.167,6.1461,0.0061,0.5008,2.1000,6.2171,0
20.183,6.1543,0.0059,0.4881,2.1000,6.2095,0
20.200,6.1622,0.0057,0.4773,2.1000,6.2021,0
20.217,6.1701,0.0055,0.4750,2.1000,6.1947,0
20.233,6.1782,0.0053,0.4869,2.1000,6.1871,0
20.250,6.1865,0.0051,0.4971,2.1000,6.1794,0
20.267,6.1949,0.0049,0.4998,2.1000,6.1716,0
20.283,6.2030,0.0047,0.4877,2.1000,6.1641,0
20.300,6.2109,0.0045,0.4770,2.1000,6.1567,0
20.317,6.2188,0.0042,0.4747,2.1000,6.1493,0
20.333,6.2269,0.0040,0.4863,2.1000,6.1418,0
20.350,6.2352,0.0038,0.4966,2.1000,6.1341,0
20.367,6.2435,0.0036,0.4995,2.1000,6.1263,0
20.383,6.2519,0.0034,0.5000,2.1000,6.1186,0
20.400,6.2602,0.0031,0.5001,2.1000,6.1108,0
20.417,6.2685,0.0029,0.5000,2.1000,6.1031,0
20.433,6.2769,0.0027,0.5000,2.1000,6.0953,0
20.450,6.2852,0.0024,0.5000,2.1000,6.0876,0
20.467,6.2935,0.0022,0.4999,2.1000,6.0799,0
20.483,6.3019,0.0020,0.4998,2.1000,6.0721,0
20.500,6.3102,0.0018,0.4998,2.1000,6.0644,0
20.517,6.3183,0.0015,0.4870,2.1000,6.0568,0
20.533,6.3264,0.0013,0.4890,2.1000,6.0493,0
20.550,6.3347,0.0011,0.4977,2.1000,6.0416,0
20.567,6.3430,0.0009,0.4992,2.1000,6.0339,0
20.583,6.3514,0.0006,0.4995,2.1000,6.0261,0
20.600,6.3597,0.0004,0.4996,2.1000,6.0184,0
20.617,6.3680,0.0002,0.4996,2.1000,6.0107,0
20.633,6.3763,-0.0000,0.4998,2.1000,6.0030,0
20.650,6.3847,-0.0002,0.4998,2.1000,5.9952,0
20.667,6.3930,-0.0004,0.4998,2.1000,5.9875,0
20.683,6.4013,-0.0007,0.4999,2.1000,5.9798,0
20.700,6.4097,-0.0009,0.5000,2.1000,5.9721,0
20.717,6.4180,-0.0011,0.5000,2.1000,5.9643,0
20.733,6.4263,-0.0013,0.5002,2.1000,5.9566,0
20.750,6.4347,-0.0015,0.5002,2.1000,5.9489,0
20.767,6.4430,-0.0017,0.5004,2.1000,5.9412,0
20.783,6.4513,-0.0019,0.5004,2.1000,5.9335,0
20.800,6.4595,-0.0021,0.4877,2.1000,5.9259,0
20.817,6.4674,-0.0023,0.4770,2.1000,5.9186,0
20.833,6.4753,-0.0025,0.4748,2.1000,5.9112,0
20.850,6.4834,-0.0027,0.4871,2.1000,5.9037,0
20.867,6.4917,-0.0029,0.4977,2.1000,5.8961,0
20.883,6.5001,-0.0031,0.5000,2.1000,5.8884,0
20.900,6.5084,-0.0034,0.5006,2.1000,5.8806,0
20.917,6.5167,-0.0036,0.5009,2.1000,5.8729,0
20.933,6.5251,-0.0038,0.5009,2.1000,5.8652,0
20.950,6.5334,-0.0040,0.5009,2.1000,5.8575,0
20.967,6.5418,-0.0042,0.5009,2.1000,5.8498,0
20.983,6.5501,-0.0044,0.5009,2.1000,5.8421,0
21.000,6.5585,-0.0046,0.5008,2.1000,5.8343,0
21.017,6.5668,-0.0048,0.5010,2.1000,5.8266,0
21.033,6.5752,-0.0050,0.5008,2.1000,5.8189,0
21.050,6.5835,-0.0052,0.5008,2.1000,5.8112,0
21.067,6.5918,-0.0054,0.5008,2.1000,5.8035,0
21.083,6.6002,-0.0056,0.5008,2.1000,5.7958,0
21.100,6.6085,-0.0058,0.5006,2.1000,5.7881,0
21.117,6.6169,-0.0060,0.5005,2.1000,5.7804,0
21.133,6.6252,-0.0062,0.5006,2.1000,5.7727,0
21.150,6.6335,-0.0063,0.5005,2.1000,5.7650,0
21.167,6.6419,-0.0065,0.5004,2.1000,5.7573,0
21.183,6.6502,-0.0067,0.5003,2.1000,5.7496,0
21.200,6.6586,-0.0069,0.5001,2.1000,5.7420,0
21.217,6.6669,-0.0071,0.5001,2.1000,5.7343,0
21.233,6.6752,-0.0073,0.5001,2.1000,5.7266,0
21.250,6.6836,-0.0075,0.5000,2.1000,5.7189,0
21.267,6.6919,-0.0077,0.5000,2.1000,5.7112,0
21.283,6.7002,-0.0078,0.4999,2.1000,5.7036,0
21.300,6.7085,-0.0080,0.4998,2.1000,5.6959,0
21.317,6.7169,-0.0082,0.4999,2.1000,5.6882,0
21.333,6.7250,-0.0084,0.4870,2.1000,5.6808,0
21.350,6.7331,-0.0086,0.4890,2.1000,5.6733,0
21.367,6.7414,-0.0087,0.4975,2.1000,5.6656,0
21.383,6.7497,-0.0089,0.4993,2.1000,5.6580,0
21.400,6.7581,-0.0091,0.4996,2.1000,5.6503,0
21.417,6.7664,-0.0093,0.4996,2.1000,5.6427,0
21.433,6.7747,-0.0094,0.4996,2.1000,5.6350,0
21.450,6.7830,-0.0096,0.4998,2.1000,5.6274,0
21.467,6.7914,-0.0098,0.4996,2.1000,5.6197,0
21.483,6.7997,-0.0100,0.4999,2.1000,5.6121,0
21.500,6.8080,-0.0102,0.4999,2.1000,5.6044,0
21.517,6.8161,-0.0103,0.4871,2.1000,5.5970,0
21.533,6.8241,-0.0105,0.4766,2.1000,5.5897,0
21.550,6.8320,-0.0107,0.4743,2.1000,5.5824,0
21.567,6.8401,-0.0109,0.4867,2.1000,5.5750,0
21.583,6.8484,-0.0110,0.4972,2.1000,5.5674,0
21.600,6.8567,-0.0112,0.4998,2.1000,5.5597,0
21.617,6.8650,-0.0114,0.5001,2.1000,5.5521,0
21.633,6.8734,-0.0116,0.5005,2.1000,5.5445,0
21.650,6.8817,-0.0118,0.5006,2.1000,5.5368,0
21.667,6.8901,-0.0120,0.5006,2.1000,5.5292,0
21.683,6.8984,-0.0121,0.5007,2.1000,5.5215,0
21.700,6.9068,-0.0123,0.5007,2.1000,5.5139,0
21.717,6.9151,-0.0125,0.5009,2.1000,5.5063,0
21.733,6.9234,-0.0127,0.5008,2.1000,5.4986,0
21.750,6.9318,-0.0129,0.5007,2.1000,5.4910,0
21.767,6.9401,-0.0131,0.5009,2.1000,5.4834,0
21.783,6.9485,-0.0133,0.5008,2.1000,5.4757,0
21.800,6.9566,-0.0134,0.4882,2.1000,5.4683,0
21.817,6.9646,-0.0136,0.4775,2.1000,5.4610,0
21.833,6.9725,-0.0138,0.4750,2.1000,5.4538,0
21.850,6.9806,-0.0140,0.4873,2.1000,5.4464,0
21.867,6.9889,-0.0141,0.4981,2.1000,5.4388,0
21.883,6.9972,-0.0143,0.5003,2.1000,5.4312,0
21.900,7.0054,-0.0145,0.4879,2.1000,5.4238,0
21.917,7.0133,-0.0147,0.4771,2.1000,5.4165,0
21.933,7.0214,-0.0149,0.4874,2.1000,5.4091,0
21.950,7.0297,-0.0150,0.4979,2.1000,5.4016,0
21.967,7.0381,-0.0152,0.4999,2.1000,5.3940,0
21.983,7.0464,-0.0154,0.5004,2.1000,5.3864,0
22.000,7.0547,-0.0156,0.5003,2.1000,5.3788,0
22.017,7.0631,-0.0158,0.5003,2.1000,5.3712,0
22.033,7.0714,-0.0159,0.5002,2.1000,5.3636,0
22.050,7.0797,-0.0161,0.5000,2.1000,5.3560,0
22.067,7.0881,-0.0163,0.5001,2.1000,5.3484,0
22.083,7.0964,-0.0165,0.5001,2.1000,5.3408,0
22.100,7.1047,-0.0166,0.4998,2.1000,5.3333,0
22.117,7.1129,-0.0168,0.4871,2.1000,5.3259,0
22.133,7.1208,-0.0170,0.4765,2.1000,5.3187,0
22.150,7.1289,-0.0171,0.4868,2.1000,5.3113,0
22.167,7.1372,-0.0173,0.4970,2.1000,5.3038,0
22.183,7.1455,-0.0175,0.4991,2.1000,5.2962,0
22.200,7.1538,-0.0176,0.4996,2.1000,5.2887,0
22.217,7.1621,-0.0178,0.4995,2.1000,5.2811,0
22.233,7.1705,-0.0180,0.4997,2.1000,5.2735,0
22.250,7.1788,-0.0182,0.4997,2.1000,5.2660,0
22.267,7.1871,-0.0183,0.4997,2.1000,5.2584,0
22.283,7.1955,-0.0185,0.4997,2.1000,5.2509,0
22.300,7.2038,-0.0187,0.4999,2.1000,5.2433,0
22.317,7.2119,-0.0188,0.4872,2.1000,5.2360,0
22.333,7.2198,-0.0190,0.4763,2.1000,5.2288,0
22.350,7.2280,-0.0192,0.4870,2.1000,5.2214,0
22.367,7.2362,-0.0194,0.4973,2.1000,5.2139,0
22.383,7.2446,-0.0195,0.4996,2.1000,5.2064,0
22.400,7.2529,-0.0197,0.5001,2.1000,5.1989,0
22.417,7.2612,-0.0199,0.5002,2.1000,5.1913,0
22.433,7.2696,-0.0201,0.5003,2.1000,5.1838,0
22.450,7.2779,-0.0202,0.5005,2.1000,5.1762,0
22.467,7.2862,-0.0204,0.5004,2.1000,5.1687,0
22.483,7.2946,-0.0206,0.5006,2.1000,5.1612,0
22.500,7.3027,-0.0208,0.4879,2.1000,5.1538,0
22.517,7.3107,-0.0209,0.4772,2.1000,5.1467,0
22.533,7.3186,-0.0211,0.4750,2.1000,5.1395,0
22.550,7.3265,-0.0213,0.4745,2.1000,5.1324,0
22.567,7.3346,-0.0215,0.4873,2.1000,5.1251,0
22.583,7.3429,-0.0216,0.4979,2.1000,5.1176,0
22.600,7.3512,-0.0218,0.5003,2.1000,5.1101,0
22.617,7.3596,-0.0220,0.5007,2.1000,5.1026,0
22.633,7.3679,-0.0222,0.5009,2.1000,5.0951,0
22.650,7.3763,-0.0224,0.5009,2.1000,5.0876,0
22.667,7.3846,-0.0225,0.5009,2.1000,5.0800,0
22.683,7.3930,-0.0227,0.5009,2.1000,5.0725,0
22.700,7.4013,-0.0229,0.5008,2.1000,5.0650,0
22.717,7.4097,-0.0231,0.5009,2.1000,5.0575,0
22.733,7.4180,-0.0233,0.5006,2.1000,5.0500,0
22.750,7.4263,-0.0234,0.5007,2.1000,5.0426,0
22.767,7.4347,-0.0236,0.5006,2.1000,5.0351,0
22.783,7.4430,-0.0238,0.5005,2.1000,5.0276,0
22.800,7.4514,-0.0240,0.5005,2.1000,5.0201,0
22.817,7.4595,-0.0242,0.4877,2.1000,5.0128,0
22.833,7.4674,-0.0244,0.4767,2.1000,5.0057,0
22.850,7.4755,-0.0245,0.4867,2.1000,4.9984,0
22.867,7.4838,-0.0247,0.4963,2.1000,4.9910,0
22.883,7.4921,-0.0249,0.4991,2.1000,4.9836,0
22.900,7.5005,-0.0251,0.4999,2.1000,4.9761,0
22.917,7.5088,-0.0253,0.5000,2.1000,4.9687,0
22.933,7.5171,-0.0255,0.4998,2.1000,4.9612,0
22.950,7.5254,-0.0257,0.4999,2.1000,4.9538,0
22.967,7.5338,-0.0259,0.4998,2.1000,4.9464,0
22.983,7.5421,-0.0260,0.4998,2.1000,4.9389,0
23.000,7.5504,-0.0262,0.4998,2.1000,4.9315,0
23.017,7.5585,-0.0264,0.4870,2.1000,4.9242,0
23.033,7.5665,-0.0266,0.4762,2.1000,4.9172,0
23.050,7.5744,-0.0268,0.4740,2.1000,4.9101,0
23.067,7.5825,-0.0270,0.4864,2.1000,4.9029,0
23.083,7.5908,-0.0272,0.4970,2.1000,4.8955,0
23.100,7.5991,-0.0273,0.4993,2.1000,4.8881,0
23.117,7.6074,-0.0275,0.4997,2.1000,4.8807,0
23.133,7.6157,-0.0277,0.4999,2.1000,4.8733,0
23.150,7.6241,-0.0279,0.5000,2.1000,4.8659,0
23.167,7.6324,-0.0281,0.5000,2.1000,4.8585,0
23.183,7.6407,-0.0283,0.5002,2.1000,4.8511,0
23.200,7.6491,-0.0285,0.5003,2.1000,4.8437,0
23.217,7.6574,-0.0287,0.5004,2.1000,4.8362,0
23.233,7.6655,-0.0288,0.4878,2.1000,4.8290,0
23.250,7.6737,-0.0290,0.4895,2.1000,4.8218,0
23.267,7.6820,-0.0292,0.4979,2.1000,4.8144,0
23.283,7.6903,-0.0294,0.5000,2.1000,4.8070,0
23.300,7.6987,-0.0296,0.5009,2.1000,4.7996,0
23.317,7.7070,-0.0297,0.5010,2.1000,4.7922,0
23.333,7.7154,-0.0299,0.5008,2.1000,4.7848,0
23.350,7.7237,-0.0301,0.5007,2.1000,4.7774,0
23.367,7.7320,-0.0302,0.5006,2.1000,4.7700,0
23.383,7.7404,-0.0304,0.5009,2.1000,4.7626,0
23.400,7.7487,-0.0305,0.5009,2.1000,4.7552,0
23.417,7.7571,-0.0307,0.5009,2.1000,4.7478,0
23.433,7.7654,-0.0308,0.5010,2.1000,4.7404,0
23.450,7.7738,-0.0309,0.5007,2.1000,4.7331,0
23.467,7.7821,-0.0311,0.5009,2.1000,4.7257,0
23.483,7.7903,-0.0312,0.4881,2.1000,4.7185,0
23.500,7.7982,-0.0313,0.4773,2.1000,4.7114,0
23.517,7.8061,-0.0314,0.4749,2.1000,4.7044,0
23.533,7.8140,-0.0315,0.4746,2.1000,4.6974,0
23.550,7.8219,-0.0316,0.4743,2.1000,4.6904,0
23.567,7.8301,-0.0317,0.4870,2.1000,4.6832,0
23.583,7.8384,-0.0318,0.4977,2.1000,4.6759,0
23.600,7.8467,-0.0319,0.4999,2.1000,4.6685,0
23.617,7.8550,-0.0320,0.5003,2.1000,4.6612,0
23.633,7.8634,-0.0321,0.5004,2.1000,4.6538,0
23.650,7.8717,-0.0322,0.5002,2.1000,4.6464,0
23.667,7.8800,-0.0323,0.5002,2.1000,4.6391,0
23.683,7.8884,-0.0324,0.5001,2.1000,4.6317,0
23.700,7.8967,-0.0325,0.5000,2.1000,4.6243,0
23.717,7.9050,-0.0326,0.5000,2.1000,4.6170,0
23.733,7.9132,-0.0326,0.4871,2.1000,4.6098,0
23.750,7.9211,-0.0327,0.4763,2.1000,4.6028,0
23.767,7.9292,-0.0328,0.4869,2.1000,4.5957,0
23.783,7.9375,-0.0329,0.4971,2.1000,4.5884,0
23.800,7.9458,-0.0330,0.4991,2.1000,4.5810,0
23.817,7.9541,-0.0330,0.4996,2.1000,4.5737,0
23.833,7.9625,-0.0331,0.4996,2.1000,4.5664,0
23.850,7.9708,-0.0332,0.4996,2.1000,4.5591,0
23.867,7.9791,-0.0333,0.4996,2.1000,4.5517,0
23.883,7.9874,-0.0333,0.4996,2.1000,4.5444,0
23.900,7.9958,-0.0334,0.4997,2.1000,4.5371,0
23.917,8.0041,-0.0335,0.4996,2.1000,4.5298,0
23.933,8.0122,-0.0336,0.4870,2.1000,4.5227,0
23.950,8.0201,-0.0336,0.4763,2.1000,4.5157,0
23.967,8.0283,-0.0337,0.4869,2.1000,4.5086,0
23.983,8.0365,-0.0338,0.4968,2.1000,4.5014,0
24.000,8.0449,-0.0339,0.4993,2.1000,4.4941,0
24.017,8.0532,-0.0340,0.4999,2.1000,4.4868,0
24.033,8.0615,-0.0341,0.5000,2.1000,4.4795,0
24.050,8.0699,-0.0342,0.5001,2.1000,4.4722,0
24.067,8.0782,-0.0343,0.5002,2.1000,4.4650,0
24.083,8.0865,-0.0345,0.5004,2.1000,4.4577,0
24.100,8.0947,-0.0346,0.4876,2.1000,4.4506,0
24.117,8.1026,-0.0347,0.4769,2.1000,4.4437,0
24.133,8.1105,-0.0348,0.4747,2.1000,4.4368,0
24.150,8.1186,-0.0349,0.4871,2.1000,4.4298,0
24.167,8.1269,-0.0350,0.4978,2.1000,4.4226,0
24.183,8.1353,-0.0351,0.5000,2.1000,4.4153,0
24.200,8.1436,-0.0353,0.5007,2.1000,4.4081,0
24.217,8.1520,-0.0354,0.5007,2.1000,4.4008,0
24.233,8.1603,-0.0355,0.5009,2.1000,4.3936,0
24.250,8.1686,-0.0357,0.5008,2.1000,4.3864,0
24.267,8.1770,-0.0358,0.5009,2.1000,4.3792,0
24.283,8.1853,-0.0360,0.5008,2.1000,4.3719,0
24.300,8.1937,-0.0361,0.5009,2.1000,4.3647,0
24.317,8.2020,-0.0363,0.5009,2.1000,4.3575,0
24.333,8.2104,-0.0364,0.5008,2.1000,4.3503,0
24.350,8.2187,-0.0366,0.5009,2.1000,4.3431,0
24.367,8.2271,-0.0367,0.5007,2.1000,4.3360,0
24.383,8.2354,-0.0369,0.5006,2.1000,4.3288,0
24.400,8.2438,-0.0370,0.5007,2.1000,4.3216,0
24.417,8.2521,-0.0372,0.5005,2.1000,4.3144,0
24.433,8.2604,-0.0373,0.5005,2.1000,4.3073,0
24.450,8.2688,-0.0375,0.5005,2.1000,4.3001,0
24.467,8.2771,-0.0377,0.5003,2.1000,4.2930,0
24.483,8.2854,-0.0378,0.5003,2.1000,4.2858,0
24.500,8.2938,-0.0380,0.5001,2.1000,4.2787,0
24.517,8.3019,-0.0381,0.4874,2.1000,4.2717,0
24.533,8.3098,-0.0383,0.4766,2.1000,4.2649,0
24.550,8.3177,-0.0384,0.4743,2.1000,4.2582,0
24.567,8.3259,-0.0386,0.4864,2.1000,4.2512,0
24.583,8.3341,-0.0387,0.4969,2.1000,4.2442,0
24.600,8.3425,-0.0389,0.4993,2.1000,4.2370,0
24.617,8.3508,-0.0391,0.4997,2.1000,4.2299,0
24.633,8.3589,-0.0392,0.4869,2.1000,4.2230,0
24.650,8.3668,-0.0394,0.4763,2.1000,4.2163,0
24.667,8.3747,-0.0395,0.4743,2.1000,4.2095,0
24.683,8.3828,-0.0397,0.4865,2.1000,4.2026,0
24.700,8.3911,-0.0398,0.4969,2.1000,4.1956,0
24.717,8.3994,-0.0400,0.4992,2.1000,4.1885,0
24.733,8.4078,-0.0401,0.4998,2.1000,4.1814,0
24.750,8.4161,-0.0403,0.4997,2.1000,4.1743,0
24.767,8.4244,-0.0404,0.4998,2.1000,4.1673,0
24.783,8.4328,-0.0406,0.4998,2.1000,4.1602,0
24.800,8.4411,-0.0407,0.5001,2.1000,4.1531,0
24.817,8.4494,-0.0409,0.5001,2.1000,4.1461,0
24.833,8.4578,-0.0410,0.5004,2.1000,4.1390,0
24.850,8.4659,-0.0412,0.4877,2.1000,4.1321,0
24.867,8.4738,-0.0413,0.4772,2.1000,4.1254,0
24.883,8.4818,-0.0414,0.4748,2.1000,4.1187,0
24.900,8.4899,-0.0416,0.4872,2.1000,4.1119,0
24.917,8.4982,-0.0417,0.4979,2.1000,4.1048,0
24.933,8.5065,-0.0419,0.5000,2.1000,4.0978,0
24.950,8.5148,-0.0420,0.5007,2.1000,4.0908,0
24.967,8.5232,-0.0421,0.5011,2.1000,4.0837,0
24.983,8.5315,-0.0423,0.5011,2.1000,4.0767,0
25.000,8.5399,-0.0424,0.5013,2.1000,4.0697,0
25.017,8.5483,-0.0425,0.5012,2.1000,4.0626,0
25.033,8.5564,-0.0426,0.4887,2.1000,4.0558,0
25.050,8.5644,-0.0428,0.4774,2.1000,4.0491,0
25.067,8.5725,-0.0429,0.4884,2.1000,4.0422,0
25.083,8.5808,-0.0430,0.4979,2.1000,4.0353,0
25.100,8.5891,-0.0431,0.5003,2.1000,4.0283,0
25.117,8.5975,-0.0432,0.5008,2.1000,4.0213,0
25.133,8.6058,-0.0433,0.5008,2.1000,4.0143,0
25.150,8.6142,-0.0434,0.5009,2.1000,4.0073,0
25.167,8.6225,-0.0435,0.5010,2.1000,4.0003,0
25.183,8.6309,-0.0436,0.5008,2.1000,3.9933,0
25.200,8.6392,-0.0437,0.5008,2.1000,3.9863,0
25.217,8.6476,-0.0438,0.5007,2.1000,3.9793,0
25.233,8.6557,-0.0439,0.4878,2.1000,3.9725,0
25.250,8.6636,-0.0439,0.4772,2.1000,3.9658,0
25.267,8.6718,-0.0440,0.4876,2.1000,3.9590,0
25.283,8.6800,-0.0441,0.4973,2.1000,3.9521,0
25.300,8.6884,-0.0441,0.4996,2.1000,3.9451,0
25.317,8.6967,-0.0442,0.5003,2.1000,3.9382,0
25.333,8.7050,-0.0442,0.4999,2.1000,3.9312,0
25.350,8.7132,-0.0443,0.4872,2.1000,3.9244,0
25.367,8.7211,-0.0443,0.4765,2.1000,3.9178,0
25.383,8.7290,-0.0443,0.4742,2.1000,3.9112,0
25.400,8.7371,-0.0443,0.4864,2.1000,3.9044,0
25.417,8.7454,-0.0444,0.4967,2.1000,3.8975,0
25.433,8.7537,-0.0444,0.4993,2.1000,3.8906,0
25.450,8.7620,-0.0444,0.4995,2.1000,3.8837,0
25.467,8.7704,-0.0444,0.4997,2.1000,3.8767,0
25.483,8.7787,-0.0444,0.4996,2.1000,3.8698,0
25.500,8.7870,-0.0444,0.4997,2.1000,3.8629,0
25.517,8.7951,-0.0445,0.4869,2.1000,3.8561,0
25.533,8.8031,-0.0445,0.4762,2.1000,3.8495,0
25.550,8.8110,-0.0445,0.4741,2.1000,3.8430,0
25.567,8.8189,-0.0445,0.4736,2.1000,3.8364,0
25.583,8.8270,-0.0445,0.4860,2.1000,3.8297,0
25.600,8.8352,-0.0445,0.4960,2.1000,3.8229,0
25.617,8.8436,-0.0445,0.4991,2.1000,3.8160,0
25.633,8.8519,-0.0445,0.4997,2.1000,3.8091,0
25.650,8.8602,-0.0445,0.4999,2.1000,3.8022,0
25.667,8.8686,-0.0444,0.5002,2.1000,3.7953,0
25.683,8.8769,-0.0444,0.5002,2.1000,3.7885,0
25.700,8.8852,-0.0444,0.5002,2.1000,3.7816,0
25.717,8.8936,-0.0444,0.5003,2.1000,3.7747,0
25.733,8.9017,-0.0444,0.4876,2.1000,3.7680,0
25.750,8.9096,-0.0444,0.4772,2.1000,3.7615,0
25.767,8.9178,-0.0444,0.4875,2.1000,3.7548,0
25.783,8.9261,-0.0444,0.4978,2.1000,3.7480,0
25.800,8.9344,-0.0443,0.5000,2.1000,3.7411,0
25.817,8.9427,-0.0443,0.5007,2.1000,3.7343,0
25.833,8.9511,-0.0443,0.5007,2.1000,3.7274,0
25.850,8.9594,-0.0443,0.5009,2.1000,3.7206,0
25.867,8.9678,-0.0443,0.5009,2.1000,3.7138,0
25.883,8.9761,-0.0442,0.5009,2.1000,3.7069,0
25.900,8.9845,-0.0442,0.5009,2.1000,3.7001,0
25.917,8.9928,-0.0442,0.5009,2.1000,3.6933,0
25.933,9.0010,-0.0441,0.4882,2.1000,3.6867,0
25.950,9.0089,-0.0441,0.4773,2.1000,3.6802,0
25.967,9.0168,-0.0441,0.4752,2.1000,3.6737,0
25.983,9.0250,-0.0441,0.4872,2.1000,3.6671,0
26.000,9.0333,-0.0440,0.4975,2.1000,3.6604,0
26.017,9.0416,-0.0440,0.5000,2.1000,3.6536,0
26.033,9.0499,-0.0439,0.5006,2.1000,3.6468,0
26.050,9.0583,-0.0439,0.5005,2.1000,3.6401,0
26.067,9.0666,-0.0439,0.5006,2.1000,3.6333,0
26.083,9.0750,-0.0438,0.5004,2.1000,3.6265,0
26.100,9.0833,-0.0438,0.5003,2.1000,3.6198,0
26.117,9.0916,-0.0437,0.5003,2.1000,3.6130,0
26.133,9.1000,-0.0437,0.5002,2.1000,3.6063,0
26.150,9.1083,-0.0436,0.5001,2.1000,3.5996,0
26.167,9.1166,-0.0436,0.5001,2.1000,3.5929,0
26.183,9.1250,-0.0435,0.4999,2.1000,3.5861,0
26.200,9.1333,-0.0435,0.5002,2.1000,3.5794,0
26.217,9.1416,-0.0434,0.4998,2.1000,3.5727,0
26.233,9.1498,-0.0434,0.4872,2.1000,3.5662,0
26.250,9.1577,-0.0433,0.4763,2.1000,3.5598,0
26.267,9.1656,-0.0432,0.4740,2.1000,3.5535,0
26.283,9.1737,-0.0432,0.4863,2.1000,3.5470,0
26.300,9.1820,-0.0431,0.4969,2.1000,3.5403,0
26.317,9.1903,-0.0430,0.4991,2.1000,3.5337,0
26.333,9.1986,-0.0429,0.4994,2.1000,3.5270,0
26.350,9.2070,-0.0428,0.4997,2.1000,3.5204,0
26.367,9.2153,-0.0428,0.4997,2.1000,3.5137,0
26.383,9.2236,-0.0427,0.4996,2.1000,3.5071,0
26.400,9.2319,-0.0426,0.4998,2.1000,3.5004,0
26.417,9.2403,-0.0425,0.4997,2.1000,3.4938,0
26.433,9.2486,-0.0425,0.4997,2.1000,3.4872,0
26.450,9.2567,-0.0424,0.4872,2.1000,3.4807,0
26.467,9.2647,-0.0423,0.4764,2.1000,3.4744,0
26.483,9.2726,-0.0423,0.4743,2.1000,3.4682,0
26.500,9.2805,-0.0422,0.4739,2.1000,3.4619,0
26.517,9.2886,-0.0421,0.4867,2.1000,3.4555,0
26.533,9.2969,-0.0421,0.4975,2.1000,3.4490,0
26.550,9.3052,-0.0420,0.4997,2.1000,3.4424,0
26.567,9.3135,-0.0420,0.5003,2.1000,3.4359,0
26.583,9.3219,-0.0419,0.5005,2.1000,3.4293,0
26.600,9.3302,-0.0419,0.5005,2.1000,3.4228,0
26.617,9.3385,-0.0418,0.5007,2.1000,3.4162,0
26.633,9.3469,-0.0418,0.5005,2.1000,3.4097,0
26.650,9.3550,-0.0417,0.4880,2.1000,3.4034,0
26.667,9.3630,-0.0417,0.4774,2.1000,3.3972,0
26.683,9.3711,-0.0416,0.4876,2.1000,3.3908,0
26.700,9.3794,-0.0416,0.4980,2.1000,3.3844,0
26.717,9.3877,-0.0416,0.5002,2.1000,3.3779,0
26.733,9.3961,-0.0415,0.5007,2.1000,3.3714,0
26.750,9.4044,-0.0415,0.5009,2.1000,3.3649,0
26.767,9.4128,-0.0414,0.5007,2.1000,3.3585,0
26.783,9.4211,-0.0414,0.5009,2.1000,3.3520,0
26.800,9.4295,-0.0413,0.5008,2.1000,3.3456,0
26.817,9.4378,-0.0413,0.5008,2.1000,3.3392,0
26.833,9.4462,-0.0413,0.5007,2.1000,3.3327,0
26.850,9.4543,-0.0412,0.4880,2.1000,3.3265,0
26.867,9.4623,-0.0412,0.4771,2.1000,3.3204,0
26.883,9.4702,-0.0412,0.4748,2.1000,3.3143,0
26.900,9.4783,-0.0411,0.4866,2.1000,3.3081,0
26.917,9.4866,-0.0411,0.4974,2.1000,3.3017,0
26.933,9.4947,-0.0410,0.4870,2.1000,3.2955,0
26.950,9.5026,-0.0410,0.4766,2.1000,3.2895,0
26.967,9.5105,-0.0409,0.4745,2.1000,3.2834,0
26.983,9.5184,-0.0409,0.4739,2.1000,3.2774,0
27.000,9.5263,-0.0408,0.4737,2.1000,3.2714,0
27.017,9.5344,-0.0408,0.4864,2.1000,3.2653,0
27.033,9.5427,-0.0407,0.4971,2.1000,3.2590,0
27.050,9.5510,-0.0407,0.4990,2.1000,3.2527,0
27.067,9.5594,-0.0406,0.4997,2.1000,3.2464,0
27.083,9.5677,-0.0405,0.4997,2.1000,3.2401,0
27.100,9.5760,-0.0405,0.4996,2.1000,3.2338,0
27.117,9.5843,-0.0404,0.4998,2.1000,3.2275,0
27.133,9.5927,-0.0404,0.4995,2.1000,3.2212,0
27.150,9.6010,-0.0403,0.4997,2.1000,3.2150,0
27.167,9.6093,-0.0403,0.4997,2.1000,3.2088,0
27.183,9.6174,-0.0402,0.4870,2.1000,3.2027,0
27.200,9.6256,-0.0402,0.4889,2.1000,3.1966,0
27.217,9.6339,-0.0402,0.4974,2.1000,3.1904,0
27.233,9.6422,-0.0401,0.4994,2.1000,3.1842,0
27.250,9.6505,-0.0401,0.4996,2.1000,3.1781,0
27.267,9.6586,-0.0401,0.4870,2.1000,3.1720,0
27.283,9.6666,-0.0401,0.4765,2.1000,3.1662,0
27.300,9.6747,-0.0400,0.4869,2.1000,3.1602,0
27.317,9.6830,-0.0400,0.4969,2.1000,3.1541,0
27.333,9.6913,-0.0400,0.4994,2.1000,3.1480,0
27.350,9.6996,-0.0400,0.5001,2.1000,3.1418,0
27.367,9.7080,-0.0400,0.5003,2.1000,3.1357,0
27.383,9.7161,-0.0400,0.4875,2.1000,3.1298,0
27.400,9.7243,-0.0400,0.4897,2.1000,3.1238,0
27.417,9.7326,-0.0399,0.4980,2.1000,3.1178,0
27.433,9.7409,-0.0399,0.4999,2.1000,3.1117,0
27.450,9.7492,-0.0399,0.5005,2.1000,3.1057,0
27.467,9.7576,-0.0399,0.5006,2.1000,3.0996,0
27.483,9.7659,-0.0399,0.5007,2.1000,3.0936,0
27.500,9.7743,-0.0399,0.5009,2.1000,3.0876,0
27.517,9.7826,-0.0399,0.5006,2.1000,3.0816,0
27.533,9.7910,-0.0399,0.5009,2.1000,3.0756,0
27.550,9.7993,-0.0399,0.5009,2.1000,3.0696,0
27.567,9.8075,-0.0400,0.4880,2.1000,3.0638,0
27.583,9.8154,-0.0400,0.4774,2.1000,3.0581,0
27.600,9.8233,-0.0400,0.4751,2.1000,3.0524,0
27.617,9.8314,-0.0400,0.4871,2.1000,3.0467,0
27.633,9.8397,-0.0400,0.4973,2.1000,3.0408,0
27.650,9.8481,-0.0400,0.5000,2.1000,3.0349,0
27.667,9.8564,-0.0400,0.5006,2.1000,3.0290,0
27.683,9.8648,-0.0400,0.5006,2.1000,3.0231,0
27.700,9.8731,-0.0400,0.5006,2.1000,3.0172,0
27.717,9.8814,-0.0400,0.5006,2.1000,3.0113,0
27.733,9.8898,-0.0400,0.5004,2.1000,3.0055,0
27.750,9.8981,-0.0400,0.5003,2.1000,2.9996,0
27.767,9.9065,-0.0400,0.5003,2.1000,2.9938,0
27.783,9.9146,-0.0401,0.4874,2.1000,2.9881,0
27.800,9.9225,-0.0401,0.4765,2.1000,2.9826,0
27.817,9.9306,-0.0401,0.4869,2.1000,2.9769,0
27.833,9.9389,-0.0401,0.4970,2.1000,2.9712,0
27.850,9.9472,-0.0401,0.4995,2.1000,2.9654,0
27.867,9.9556,-0.0401,0.4997,2.1000,2.9597,0
27.883,9.9639,-0.0401,0.4999,2.1000,2.9539,0
27.900,9.9722,-0.0401,0.4997,2.1000,2.9482,0
27.917,9.9806,-0.0401,0.4999,2.1000,2.9425,0
27.933,9.9889,-0.0401,0.4997,2.1000,2.9368,0
27.950,9.9972,-0.0402,0.4996,2.1000,2.9311,0
27.967,10.0053,-0.0402,0.4868,2.0800,2.9110,1
27.983,10.0135,-0.0402,0.4889,2.0600,2.8909,1
28.000,10.0218,-0.0402,0.4974,2.0400,2.8706,1
28.017,10.0301,-0.0402,0.4992,2.0200,2.8504,1
28.033,10.0384,-0.0402,0.4996,2.0000,2.8303,1
28.050,10.0467,-0.0402,0.4996,1.9800,2.8101,1
28.067,10.0549,-0.0403,0.4870,1.9600,2.7901,1
28.083,10.0628,-0.0403,0.4764,1.9400,2.7702,1
28.100,10.0707,-0.0403,0.4740,1.9200,2.7504,1
28.117,10.0788,-0.0403,0.4864,1.9000,2.7305,1
28.133,10.0871,-0.0403,0.4974,1.8800,2.7105,1
28.150,10.0954,-0.0404,0.4994,1.8600,2.6905,1
28.167,10.1038,-0.0404,0.5001,1.8400,2.6705,1
28.183,10.1121,-0.0404,0.5001,1.8200,2.6505,1
28.200,10.1204,-0.0404,0.5002,1.8000,2.6306,1
28.217,10.1288,-0.0404,0.5003,1.7800,2.6107,1
28.233,10.1371,-0.0405,0.5004,1.7600,2.5908,1
28.250,10.1454,-0.0405,0.5005,1.7400,2.5709,1
28.267,10.1536,-0.0405,0.4879,1.7200,2.5512,1
28.283,10.1615,-0.0405,0.4771,1.7000,2.5317,1
28.300,10.1694,-0.0406,0.4750,1.6800,2.5122,1
28.317,10.1776,-0.0406,0.4873,1.6600,2.4927,1
28.333,10.1859,-0.0406,0.4978,1.6400,2.4730,1
28.350,10.1942,-0.0407,0.5002,1.6200,2.4533,1
28.367,10.2025,-0.0407,0.5007,1.6000,2.4337,1
28.383,10.2109,-0.0407,0.5008,1.5800,2.4141,1
28.400,10.2192,-0.0408,0.5009,1.5600,2.3945,1
28.417,10.2276,-0.0408,0.5009,1.5400,2.3749,1
28.433,10.2359,-0.0408,0.5010,1.5200,2.3554,1
28.450,10.2443,-0.0409,0.5009,1.5000,2.3360,1
28.467,10.2526,-0.0409,0.5006,1.4800,2.3165,1
28.483,10.2608,-0.0409,0.4880,1.4600,2.2973,1
28.500,10.2687,-0.0409,0.4773,1.4400,2.2783,1
28.517,10.2768,-0.0410,0.4875,1.4200,2.2591,1
28.533,10.2851,-0.0410,0.4980,1.4000,2.2399,1
28.550,10.2935,-0.0410,0.4999,1.3800,2.2207,1
28.567,10.3018,-0.0411,0.5003,1.3600,2.2015,1
28.583,10.3102,-0.0411,0.5003,1.3400,2.1824,1
28.600,10.3185,-0.0411,0.5003,1.3200,2.1634,1
28.617,10.3268,-0.0411,0.5004,1.3000,2.1443,1
28.633,10.3352,-0.0412,0.5002,1.2800,2.1254,1
28.650,10.3435,-0.0412,0.5001,1.2600,2.1064,1
28.667,10.3518,-0.0412,0.5000,1.2400,2.0876,1
28.683,10.3600,-0.0413,0.4872,1.2200,2.0689,1
28.700,10.3679,-0.0413,0.4765,1.2000,2.0505,1
28.717,10.3758,-0.0413,0.4741,1.1800,2.0321,1
28.733,10.3839,-0.0413,0.4863,1.1600,2.0137,1
28.750,10.3922,-0.0413,0.4968,1.1400,1.9952,1
28.767,10.4003,-0.0414,0.4864,1.1200,1.9768,1
28.783,10.4082,-0.0414,0.4761,1.1000,1.9587,1
28.800,10.4161,-0.0414,0.4739,1.0800,1.9407,1
28.817,10.4242,-0.0414,0.4862,1.0600,1.9226,1
28.833,10.4325,-0.0415,0.4970,1.0400,1.9044,1
28.850,10.4408,-0.0415,0.4990,1.0200,1.8862,1
28.867,10.4492,-0.0415,0.4996,1.0000,1.8681,1
28.883,10.4575,-0.0415,0.4997,0.9800,1.8501,1
28.900,10.4658,-0.0416,0.4998,0.9600,1.8322,1
28.917,10.4741,-0.0416,0.4998,0.9400,1.8143,1
28.933,10.4825,-0.0417,0.5000,0.9200,1.7966,1
28.950,10.4908,-0.0417,0.5001,0.9000,1.7789,1
28.967,10.4991,-0.0417,0.5001,0.8800,1.7613,1
28.983,10.5073,-0.0417,0.4874,0.8600,1.7440,1
29.000,10.5152,-0.0418,0.4767,0.8400,1.7269,1
29.017,10.5233,-0.0418,0.4872,0.8200,1.7098,1
29.033,10.5316,-0.0418,0.4976,0.8000,1.6926,1
29.050,10.5400,-0.0419,0.4999,0.7800,1.6755,1
29.067,10.5483,-0.0419,0.5004,0.7600,1.6585,1
29.083,10.5566,-0.0420,0.5005,0.7400,1.6416,1
29.100,10.5650,-0.0420,0.5007,0.7200,1.6248,1
29.117,10.5733,-0.0420,0.5006,0.7000,1.6081,1
29.133,10.5817,-0.0421,0.5006,0.6800,1.5915,1
29.150,10.5900,-0.0421,0.5009,0.6600,1.5751,1
29.167,10.5982,-0.0421,0.4880,0.6400,1.5590,1
29.183,10.6061,-0.0422,0.4774,0.6200,1.5432,1
29.200,10.6140,-0.0423,0.4757,0.6000,1.5275,1
29.217,10.6220,-0.0424,0.4750,0.5800,1.5121,1
29.233,10.6301,-0.0424,0.4874,0.5600,1.4965,1
29.250,10.6384,-0.0425,0.4977,0.5400,1.4810,1
29.267,10.6467,-0.0426,0.5001,0.5200,1.4656,1
29.283,10.6551,-0.0427,0.5011,0.5000,1.4503,1
29.300,10.6634,-0.0428,0.5008,0.4800,1.4352,1
29.317,10.6718,-0.0429,0.5010,0.4600,1.4203,1
29.333,10.6801,-0.0430,0.5003,0.4400,1.4055,1
29.350,10.6884,-0.0430,0.5001,0.4200,1.3909,1
29.367,10.6968,-0.0431,0.5004,0.4000,1.3765,1
29.383,10.7051,-0.0432,0.4998,0.3800,1.3623,1
29.400,10.7132,-0.0433,0.4876,0.3600,1.3485,1
29.417,10.7212,-0.0434,0.4779,0.3400,1.3350,1
29.433,10.7291,-0.0434,0.4755,0.3200,1.3218,1
29.450,10.7370,-0.0434,0.4741,0.3000,1.3089,1
29.467,10.7449,-0.0435,0.4739,0.2800,1.2961,1
29.483,10.7528,-0.0435,0.4738,0.2600,1.2836,1
29.500,10.7607,-0.0435,0.4737,0.2400,1.2713,1
29.517,10.7686,-0.0435,0.4737,0.2200,1.2593,1
29.533,10.7765,-0.0435,0.4734,0.2000,1.2475,1
29.550,10.7842,-0.0435,0.4607,0.1800,1.2362,1
29.567,10.7912,-0.0435,0.4246,0.1600,1.2258,1
29.583,10.7979,-0.0435,0.4015,0.1400,1.2160,1
29.600,10.8045,-0.0435,0.3961,0.1200,1.2066,1
29.617,10.8111,-0.0435,0.3951,0.1000,1.1975,1
29.633,10.8177,-0.0435,0.3946,0.0800,1.1887,1
29.650,10.8245,-0.0435,0.4069,0.0600,1.1801,1
29.667,10.8314,-0.0434,0.4155,0.0400,1.1716,1
29.683,10.8384,-0.0433,0.4204,0.0200,1.1633,1
29.700,10.8453,-0.0432,0.4143,0.0000,1.1555,1
29.717,10.8522,-0.0431,0.4142,0.0000,1.1486,1
29.733,10.8590,-0.0428,0.4097,0.0000,1.1418,1
29.750,10.8654,-0.0426,0.3847,0.0000,1.1354,1
29.767,10.8715,-0.0425,0.3659,0.0000,1.1293,1
29.783,10.8775,-0.0423,0.3549,0.0000,1.1233,1
29.800,10.8832,-0.0421,0.3464,0.0000,1.1176,1
29.817,10.8890,-0.0419,0.3462,0.0000,1.1118,1
29.833,10.8947,-0.0416,0.3459,0.0000,1.1060,1
29.850,10.9003,-0.0413,0.3364,0.0000,1.1004,1
29.867,10.9059,-0.0411,0.3362,0.0000,1.0948,1
29.883,10.9122,-0.0407,0.3773,0.0000,1.0885,1
29.900,10.9188,-0.0403,0.3946,0.0000,1.0820,1
29.917,10.9256,-0.0399,0.4089,0.0000,1.0752,1
29.933,10.9326,-0.0394,0.4242,0.0000,1.0681,1
29.950,10.9399,-0.0389,0.4364,0.0000,1.0608,1
29.967,10.9475,-0.0383,0.4588,0.0000,1.0532,1
29.983,10.9548,-0.0378,0.4348,0.0000,1.0459,1
30.000,10.9613,-0.0374,0.3924,0.0000,1.0394,1
30.017,10.9675,-0.0371,0.3733,0.0000,1.0332,1
30.033,10.9736,-0.0367,0.3667,0.0000,1.0271,1
30.050,10.9797,-0.0363,0.3663,0.0000,1.0210,1
30.067,10.9855,-0.0359,0.3526,0.0000,1.0151,1
30.083,10.9912,-0.0356,0.3386,0.0000,1.0094,1
30.100,10.9970,-0.0353,0.3487,0.0000,1.0036,1
30.117,11.0030,-0.0349,0.3622,0.0000,0.9976,1
30.133,11.0092,-0.0345,0.3700,0.0000,0.9914,1
30.150,11.0153,-0.0342,0.3658,0.0000,0.9853,1
30.167,11.0211,-0.0339,0.3505,0.0000,0.9795,1
30.183,11.0270,-0.0336,0.3542,0.0000,0.9736,1
30.200,11.0330,-0.0332,0.3647,0.0000,0.9675,1
30.217,11.0392,-0.0329,0.3686,0.0000,0.9614,1
30.233,11.0452,-0.0326,0.3606,0.0000,0.9554,1
30.250,11.0510,-0.0323,0.3464,0.0000,0.9496,1
30.267,11.0566,-0.0320,0.3406,0.0000,0.9439,1
30.283,11.0623,-0.0317,0.3413,0.0000,0.9382,1
30.300,11.0678,-0.0315,0.3322,0.0000,0.9327,1
30.317,11.0733,-0.0312,0.3292,0.0000,0.9272,1
30.333,11.0789,-0.0310,0.3328,0.0000,0.9217,1
30.350,11.0842,-0.0307,0.3235,0.0000,0.9163,1
30.367,11.0895,-0.0306,0.3148,0.0000,0.9110,1
30.383,11.0944,-0.0304,0.2978,0.0000,0.9061,1
30.400,11.0994,-0.0302,0.3000,0.0000,0.9011,1
30.417,11.1045,-0.0300,0.3067,0.0000,0.8960,1
30.433,11.1097,-0.0298,0.3105,0.0000,0.8908,1
30.450,11.1149,-0.0297,0.3090,0.0000,0.8856,1
30.467,11.1196,-0.0295,0.2847,0.0000,0.8809,1
30.483,11.1244,-0.0294,0.2883,0.0000,0.8761,1
30.500,11.1294,-0.0293,0.3019,0.0000,0.8710,1
30.517,11.1344,-0.0292,0.2980,0.0000,0.8661,1
30.533,11.1392,-0.0291,0.2892,0.0000,0.8613,1
30.550,11.1437,-0.0290,0.2674,0.0000,0.8568,1
30.567,11.1477,-0.0289,0.2420,0.0000,0.8528,1
30.583,11.1515,-0.0289,0.2251,0.0000,0.8490,1
30.600,11.1552,-0.0289,0.2253,0.0000,0.8453,1
30.617,11.1590,-0.0288,0.2280,0.0000,0.8415,1
30.633,11.1628,-0.0288,0.2257,0.0000,0.8377,1
30.650,11.1666,-0.0287,0.2261,0.0000,0.8339,1
30.667,11.1703,-0.0287,0.2257,0.0000,0.8302,1
30.683,11.1741,-0.0287,0.2244,0.0000,0.8264,1
30.700,11.1778,-0.0287,0.2248,0.0000,0.8227,1
30.717,11.1816,-0.0287,0.2252,0.0000,0.8189,1
30.733,11.1853,-0.0287,0.2243,0.0000,0.8152,1
30.750,11.1890,-0.0288,0.2242,0.0000,0.8115,1
30.767,11.1923,-0.0288,0.1964,0.0000,0.8082,1
30.783,11.1951,-0.0288,0.1702,0.0000,0.8054,1
30.800,11.1978,-0.0289,0.1580,0.0000,0.8027,1
30.817,11.2003,-0.0289,0.1519,0.0000,0.8002,1
30.833,11.2027,-0.0289,0.1463,0.0000,0.7978,1
30.850,11.2051,-0.0290,0.1421,0.0000,0.7954,1
30.867,11.2074,-0.0291,0.1398,0.0000,0.7931,1
30.883,11.2098,-0.0291,0.1389,0.0000,0.7908,1
30.900,11.2121,-0.0292,0.1385,0.0000,0.7885,1
30.917,11.2144,-0.0293,0.1380,0.0000,0.7862,1
30.933,11.2167,-0.0294,0.1382,0.0000,0.7839,1
30.950,11.2190,-0.0295,0.1380,0.0000,0.7816,1
30.967,11.2213,-0.0296,0.1378,0.0000,0.7793,1
30.983,11.2237,-0.0297,0.1488,0.0000,0.7768,1
31.000,11.2266,-0.0298,0.1717,0.0000,0.7740,1
